timestamp,timestamp_sample,xyz[0],xyz[1],xyz[2]
368123349,368122446,0.9542606,0.40348846,-10.3282
368172676,368171895,0.2159836,-1.7347069,-9.82459
368222091,368221354,1.1061801,0.011686471,-9.473789
368271520,368270819,-0.1909343,-0.6963885,-10.121144
368321054,368320282,0.09024793,1.1803887,-9.901663
368370473,368369746,-0.4387104,-0.752046,-9.601875
368424436,368423702,-0.06772935,-0.19853227,-9.845027
368474044,368473185,-0.36026016,-0.49709862,-10.097463
368523604,368522639,-0.056469258,-0.38411203,-9.853049
368572884,368572113,-0.14969371,-0.5576512,-9.751128
368622272,368621577,-0.006239991,-0.35219425,-9.875348
368671785,368671031,-0.24598752,-0.5470269,-9.885442
368721241,368720486,-0.16705176,-0.36308962,-9.827109
368775246,368774442,-0.28323218,-0.54289114,-9.97063
368820143,368819427,-0.11423708,-0.44449615,-9.832575
368869646,368868882,-0.20096447,-0.27533507,-9.913477
368919065,368918335,-0.14620893,-0.18556538,-9.842903
368973000,368972299,-0.3038138,-0.61852854,-10.05818
369022450,369021759,-0.17810856,-0.4798922,-9.714994
369071979,369071227,-0.2544563,-0.38010713,-9.912358
369121449,369120686,-0.31137913,-0.34539762,-9.683326
369170885,369170149,-0.20322953,-0.4014409,-9.992588
369220380,369219613,-0.3082832,-0.43978253,-9.9347725
369269841,369269077,-0.36343113,-0.29362288,-9.694776
369324007,369323038,-0.4269433,-0.6741868,-10.390385
369373419,369372504,-0.41556457,-0.53253394,-9.785523
369422704,369421963,-0.38600343,-0.46232933,-9.763317
369472145,369471426,-0.32127383,-0.4793892,-9.994337
369521701,369520889,-0.29315814,-0.37920254,-9.993032
369571075,369570358,-0.29583013,-0.3614374,-10.02082
369620611,369619816,-0.27257115,-0.32517147,-10.120448
369674624,369673781,-0.18794368,-0.3358102,-9.978098
369719441,369718743,-0.14706065,-0.35657838,-9.95359
369768887,369768207,-0.28849563,-0.27163807,-10.098
369822884,369822167,-0.07051933,-0.27076605,-10.020539
369872348,369871630,-0.08000755,-0.37951446,-9.867064
369921812,369921093,-0.009137726,-0.29612,-9.8737955
369971293,369970557,0.019801581,-0.2547265,-9.928272
370025485,370024524,0.073271625,-0.28833956,-9.940563
370070190,370069491,-0.09412192,-0.24017707,-9.992131
370119671,370118947,-0.18125962,-0.21797077,-9.945669
370173762,370172907,0.08601419,-0.2600174,-10.124532
370223275,370222394,0.021908779,-0.11660394,-9.725108
370272562,370271834,-0.13346553,-0.06475732,-10.171757
370322030,370321307,-0.19671997,-0.026618164,-10.0203905
370371497,370370763,-0.12767297,-0.015249042,-9.931452
370420941,370420225,-0.15345663,0.0542442,-9.946498
370470578,370469688,-0.1781,0.16256854,-10.182534
370524490,370523649,0.20524766,0.23689982,-9.613417
370573881,370573111,0.15401497,0.2784223,-9.574575
370623341,370622575,0.061786868,0.32791725,-9.767598
370672772,370672038,0.083715305,0.40705025,-9.570137
370717812,370717007,0.07463493,0.23696493,-9.932196
370771651,370770965,0.19113517,0.4492027,-9.491633
370821122,370820439,0.15588917,0.298077,-10.147985
370875207,370874394,0.37724024,0.47345737,-9.804264
370920080,370919356,0.2851994,0.15617196,-9.961923
370969591,370968834,0.34691358,0.1180716,-9.7113285
371019001,371018282,0.31899866,0.22569472,-9.779092
371072983,371072242,0.42530587,0.3612576,-9.902307
371122433,371121706,0.4330724,0.3879436,-9.589747
371171835,371171179,0.4287752,0.4852521,-9.680857
371221434,371220642,0.2707986,0.47106153,-9.801589
371270871,371270096,0.115900934,0.6440858,-9.661162
371320282,371319559,0.20139611,0.4974871,-9.852428
371369726,371369023,0.092456214,0.42705765,-10.032196
371423779,371422983,-0.042614583,0.34219286,-9.539452
371473386,371472453,-0.05724134,0.4084577,-9.478475
371522653,371521910,-0.08969483,0.34866112,-9.804373
371572118,371571394,-0.048371654,0.33726284,-9.416279
371621561,371620836,-0.17604513,0.34470758,-9.531159
371671096,371670300,-0.20707546,0.28392723,-9.657235
371720497,371719764,-0.052550264,0.23903637,-9.660283
371774517,371773724,0.09727,0.28023815,-9.496906
371824127,371823193,0.025821738,0.2736593,-9.417939
371873370,371872651,0.107590996,0.20312844,-9.417433
371918303,371917642,-0.04668786,0.3466833,-9.901881
371967838,371967081,0.020910455,0.3616531,-9.568059
372021752,372021041,0.05834644,0.12979217,-9.93687
372071506,372070532,0.17859903,0.11046071,-9.77368
372120730,372119988,0.18932171,0.14121449,-10.0451355
372170137,372169435,0.17969514,0.22152095,-9.812467
372219585,372218895,0.40017158,0.14467831,-9.711274
372273584,372272862,0.45366743,0.3517932,-9.494185
372323084,372322334,0.33684006,0.35177732,-9.866077
372372507,372371782,0.45433637,0.30595037,-9.620251
372422080,372421245,0.4543381,0.32323864,-9.688011
372471434,372470709,0.3182013,0.28611398,-9.590063
372520877,372520173,0.2554785,0.34318057,-9.930405
372570340,372569644,0.3776867,0.37703025,-9.739365
372624481,372623602,0.25561306,0.68054914,-9.23193
372673782,372673062,0.1311139,0.7428717,-9.575917
372723247,372722523,0.089168735,0.6598155,-9.51348
372772727,372771987,0.15213427,0.7663764,-9.442638
372822147,372821462,0.17858246,0.74054325,-9.561914
372871637,372870914,0.160535,0.6748868,-9.497021
372921118,372920388,0.2295355,0.70092744,-9.429031
372975055,372974337,0.1401018,0.61041754,-9.492877
373024636,373023807,0.21408834,0.49269778,-9.793301
373069519,373068792,0.25215036,0.536567,-9.64654
373118972,373118231,0.24157034,0.5191545,-9.68078
373172927,373172191,0.31261048,0.4963323,-9.332149
373222404,373221654,0.32185668,0.41848758,-9.481409
373271798,373271146,0.38070607,0.3714674,-9.369186
373321313,373320581,0.36105853,0.33857822,-9.654606
373370800,373370045,0.28215426,0.45429066,-9.724018
373420223,373419509,0.35660383,0.50589496,-9.769193
373469692,373468972,0.27998146,0.5823237,-9.664731
373523627,373522932,0.088128336,0.44568205,-9.632082
373573189,373572404,0.031357814,0.34417117,-9.393574
373622547,373621859,-0.086945176,0.40276846,-9.756665
373672046,373671323,-0.06527776,0.40822858,-9.7719
373721518,373720786,-0.08037853,0.44342858,-9.38726
373771008,373770250,-0.16229059,0.30313846,-9.692091
373820458,373819713,-0.21292205,0.24239513,-9.477991
373874440,373873673,-0.35479924,-0.4166121,-9.529092
373924068,373923137,-0.29686293,-0.54568243,-9.752489
373968785,373968104,-0.30787137,-0.069249235,-9.74967
374022819,374022064,-0.2524902,-0.6816359,-9.83424
374072233,374071528,-0.18854177,-0.69328785,-9.893383
374121700,374120991,-0.2888357,-0.6087658,-10.1053095
374171189,374170455,-0.1250205,-0.6106802,-10.0504055
374220688,374219938,-0.14298724,-0.5892713,-9.978388
374274604,374273879,0.024424233,-0.5464132,-9.744931
374319538,374318845,-0.13310975,-0.40878978,-9.949576
374373671,374372806,-0.097307324,-0.3919506,-9.866795
374423020,374422284,-0.10718787,-0.30226696,-9.896517
374472605,374471738,-0.09377088,-0.24444814,-9.887842
374521916,374521197,-0.11797685,-0.32016772,-9.713559
374571399,374570660,-0.23613903,-0.36387557,-9.8841
374620935,374620140,-0.298966,-0.3370764,-9.828337
374670271,374669587,-0.38773063,-0.40002114,-9.874855
374724290,374723547,-0.31736413,-0.40617675,-10.10421
374773770,374773011,0.054192528,-0.23400015,-9.585264
374823192,374822475,0.1333123,0.13535862,-9.93837
374872671,374871938,0.18111788,0.025358954,-10.024465
374922119,374921401,0.23733546,0.14770322,-9.634079
374971568,374970865,0.045104243,0.27158383,-9.432721
375021025,375020329,-0.20905317,-0.057402756,-9.5954075
375070504,375069792,0.03821262,-0.3596733,-9.670298
375119975,375119256,0.055948757,0.67050564,-10.571936
375169501,375168747,0.4326034,0.56457376,-9.654345
375218940,375218188,-0.96350485,-1.3798869,-9.882139
375268364,375267652,0.7324442,1.6942066,-10.2390375
375322291,375321607,-1.0232816,-1.4684215,-9.451329
375371743,375371092,1.3602194,1.0965607,-9.635053
375421310,375420534,-0.8472724,-0.10794946,-9.616461
375470799,375469998,-0.22255866,-0.39549953,-10.243769
375520188,375519461,0.44548023,0.43320152,-9.6123905
375569650,375568925,-0.69869304,0.59117764,-9.459017
375623696,375622885,0.11008319,-0.019470891,-8.316289
375673039,375672349,-0.35434294,0.3432047,-9.532006
375722536,375721813,-0.3015864,0.65073025,-9.36207
375772019,375771276,0.005677781,0.49622393,-8.891954
375821544,375820740,-0.043009017,0.18148093,-8.503945
375870947,375870203,0.3484419,-0.6452856,-6.780883
375920426,375919667,0.37093812,-0.060722817,-7.0313506
375974397,375973634,-0.19896916,0.07280305,-12.159621
376024019,376023097,0.3439902,0.43683,-12.059181
376068813,376068063,0.41380745,-0.8018222,-8.05421
376122759,376122025,-0.078999236,0.8756214,-12.474409
376172224,376171482,0.14541875,-0.56555617,-9.785606
376221698,376220945,-0.21605384,0.09726982,-12.731831
376271147,376270409,-0.11980318,0.4784647,-10.343599
376320663,376319898,0.10822356,0.22031087,-10.157498
376370064,376369336,0.022875898,-0.69215,-9.5805855
376419510,376418810,-0.13592838,-1.0822854,-8.596474
376473529,376472760,-0.023610702,0.6377473,-9.905228
376522973,376522242,-0.76498336,0.36651716,-12.041181
376572450,376571688,0.4373799,-0.19081886,-9.74484
376621879,376621151,0.5456597,0.4529594,-8.240096
376671379,376670615,-0.81239146,-0.3045298,-9.368082
376720890,376720115,-0.86133426,-1.2693211,-9.767197
376770241,376769543,0.5199756,-0.5286857,-8.578933
376824458,376823509,-0.8175727,0.6934064,-10.529358
376873693,376872970,-1.0190829,-0.009322853,-11.884184
376923156,376922430,0.6050917,0.72684485,-10.306668
376968110,376967397,0.88693845,1.0461974,-10.264161
377022114,377021366,-0.35935423,-0.46914113,-8.203761
377071515,377070819,-0.7952689,-0.7879723,-11.296843
377120975,377120285,0.1914993,0.09509714,-9.295188
377175050,377174245,-0.59628206,0.122025,-9.350853
377224613,377223716,-0.19967008,0.33856001,-10.01704
377269441,377268698,-0.340541,0.8712435,-11.799507
377318870,377318140,-0.1986662,0.6029646,-10.443597
377372819,377372101,0.23372237,-0.81097263,-5.884564
377422294,377421564,-0.28395423,-0.18446374,-8.925775
377471699,377471043,-0.9773552,-0.04091285,-11.697356
377521185,377520492,0.23783888,0.01777675,-10.730792
377570720,377569964,0.3435706,0.6095318,-9.07222
377620166,377619419,-0.5347909,-0.30847743,-8.9077215
377669600,377668883,-0.29084253,-1.3138415,-9.229429
377723722,377722866,-0.06932356,0.61679786,-10.356564
377773107,377772313,-0.9845972,0.056791764,-10.52152
377822462,377821771,0.3514783,-0.20075122,-9.546582
377871912,377871234,0.14670824,-0.07511244,-8.006186
377921427,377920698,-0.70793855,-0.9480901,-9.95331
377970886,377970162,-0.46259645,0.22365087,-13.512315
378020391,378019626,0.34421843,0.2874195,-10.165761
378074366,378073586,-0.30656758,-0.058348626,-11.808723
378123902,378123050,0.026173675,0.34091768,-9.735545
378173250,378172514,-0.05269716,0.16617827,-9.902138
378222703,378221978,-0.31928453,0.3600493,-9.876064
378272202,378271452,0.12541577,-0.43624446,-8.2942915
378321632,378320905,0.17379902,-0.3308561,-7.943048
378371097,378370369,-0.87656206,0.26633337,-11.065068
378420597,378419853,0.6130488,0.12157176,-9.868342
378470079,378469297,0.46912578,0.4620567,-8.517292
378519451,378518759,-0.44003546,0.46144012,-8.565154
378573492,378572727,0.16577186,-0.7788058,-8.180939
378672368,378671649,-0.8909482,-0.09014467,-10.735109
378721847,378721112,0.21458173,0.18036374,-10.605293
378771306,378770576,0.20331204,0.82079256,-9.36913
378820755,378820040,-0.6906025,-0.22465117,-8.787376
378870381,378869506,0.21285304,-0.48725685,-10.018049
378924184,378923464,-0.7611578,0.17935377,-9.614459
378973852,378972932,-0.27255026,0.34311458,-10.759491
379023124,379022412,0.27129728,0.90852374,-10.932836
379072592,379071860,-0.0601403,0.29445016,-8.514635
379122068,379121319,-0.3262522,-0.5882059,-9.104011
379171534,379170812,-0.12495615,-0.23632061,-10.219985
379220926,379220247,0.13332398,-0.57026047,-8.498546
379270433,379269711,-0.6446631,0.435861,-10.376281
379324418,379323672,0.56231874,0.36506125,-10.197031
379369409,379368664,0.6321364,0.34478277,-9.80939
379418830,379418103,-0.901337,-0.030592086,-10.432805
379472815,379472063,0.3207401,0.8473752,-10.46806
379522244,379521527,-0.76919013,0.31803006,-10.107412
379571655,379571004,-0.41568145,-0.14920034,-9.850731
379621149,379620455,0.73871356,0.1550209,-8.493727
379670665,379669922,-0.0806568,-0.20485547,-7.690806
379720165,379719405,-0.2547005,-0.8341136,-7.1732826
379769609,379768847,-0.91361606,-0.6238582,-9.7761965
379823726,379822813,0.19555327,0.6164585,-9.1642065
379873058,379872271,0.061413337,0.3374918,-9.626048
379922495,379921735,-0.4358763,0.026913436,-10.225368
379971904,379971199,-0.14537686,-0.6302812,-8.713548
380021528,380020663,0.46847013,-0.7505526,-8.081496
380070848,380070127,-0.9076074,0.079073615,-9.569544
380120446,380119590,-0.39328042,-0.0993333,-10.842281
380174279,380173583,0.2270398,0.7526678,-8.754834
380223801,380223016,-0.6533871,-0.48330295,-9.075254
380268693,380267982,0.019036045,-0.4963443,-10.7334795
380318208,380317473,-0.054605454,-0.11994665,-11.869274
380372141,380371410,0.1036778,0.3053734,-11.389872
380421623,380420871,-0.22018307,-0.62284565,-8.764622
380471054,380470335,-0.29693103,0.29307964,-11.8543
380525085,380524293,0.32666925,-0.084750794,-9.146576
380570016,380569263,-0.08485146,0.04605828,-9.22528
380623909,380623223,-0.043023985,0.038011428,-11.292904
380668899,380668190,0.32872012,0.2745089,-10.227174
380722922,380722169,-0.48565832,-0.047869265,-9.72678
380772337,380771615,0.46177727,-0.4539222,-8.572528
380821825,380821079,0.38366616,-0.064286105,-7.0182176
380871268,380870543,-0.020993682,-0.6825434,-7.192407
380920738,380920025,-0.49550256,-0.4266593,-11.518953
380970182,380969495,-0.24317324,0.53919905,-11.125491
381024151,381023432,-0.3016799,0.03468565,-10.401225
381073661,381072895,-0.52225447,-1.0022308,-9.891756
381123296,381122360,0.07823466,-0.27662537,-7.5984864
381172597,381171824,-0.3039375,0.23146659,-9.978848
381222130,381221288,-1.2013425,0.27028623,-11.372832
381271503,381270751,0.40792692,0.5194002,-10.476804
381320914,381320217,0.34613082,1.1539634,-9.162002
381370397,381369687,-0.24132867,0.5020651,-7.8239713
381424537,381423650,-0.054102834,-0.18123661,-7.812965
381469352,381468612,-0.064981595,0.41835502,-8.835063
381518824,381518071,-0.22220252,1.0878944,-11.361097
381568253,381567535,0.08615323,0.38914257,-10.473607
381622203,381621509,0.4156245,0.002019015,-7.214784
381671693,381670958,-0.52618766,-0.5436574,-9.182356
381721125,381720425,0.038910154,-0.45269474,-10.185877
381770657,381769906,0.1255487,0.8316597,-10.913456
381820081,381819353,-0.7293916,0.6188335,-10.594298
381869575,381868816,-0.05596056,-0.15400355,-9.892525
381923714,381922783,-0.45424858,-0.119852304,-8.499054
381972990,381972255,-0.44844618,-0.42923465,-9.898188
382022407,382021705,-0.2988317,0.5628962,-12.001213
382071874,382071186,0.042325918,0.6127359,-11.05499
382121434,382120645,0.1414556,0.28546038,-8.123724
382170821,382170097,0.1618203,0.22768609,-8.310109
382220295,382219570,-0.33323503,-0.24913593,-9.421139
382274287,382273538,0.06541409,-0.30891344,-9.450494
382323689,382322986,0.47563198,1.0076983,-10.706183
382368731,382367954,-0.47026244,0.79571813,-11.447397
382422598,382421915,0.3215987,-0.4063891,-8.397758
382472119,382471387,0.30460367,0.029470991,-8.057542
382521616,382520843,-0.33640194,-0.6630221,-9.655494
382571025,382570307,-0.6601264,0.05510439,-12.335128
382620507,382619775,0.24985822,0.6970431,-10.958906
382669950,382669235,-0.55340284,-0.3980217,-11.199087
382719471,382718703,0.050647184,-0.043580633,-12.311507
382768855,382768168,-0.40673038,0.5738774,-12.375266
382822843,382822124,0.15362427,-0.1959948,-11.109044
382872314,382871598,-0.921495,0.658284,-12.256338
382921803,382921052,0.34193575,-0.19698639,-10.106866
382971285,382970517,0.20133127,-0.17268305,-8.250526
383020693,383019981,-0.5100503,-0.75556916,-8.615257
383070152,383069471,-0.3371508,-0.42887667,-10.817179
383124249,383123405,-0.16727756,0.86358327,-9.493679
383173634,383172869,-0.32322022,-0.08602401,-9.707596
383223067,383222333,0.104537636,-0.31890988,-9.642045
383272574,383271806,-0.17945589,-0.9265731,-7.6255436
383321981,383321262,-0.12484127,-0.30267453,-8.600962
383371550,383370736,-0.6774901,0.23179209,-11.788101
383420889,383420201,-0.11520225,0.08295427,-11.859584
383470340,383469654,0.28689837,0.89540887,-9.791491
383524350,383523617,-0.47058922,-1.1446996,-9.132909
383569356,383568583,-0.08651595,-0.9855412,-8.861805
383623286,383622544,-0.23423691,0.31282833,-9.652154
383672720,383672008,-0.6290107,0.4559342,-11.139381
383722193,383721480,0.23778726,0.75834054,-10.9920635
383771690,383770936,0.103502005,0.30075097,-7.3135996
383821126,383820401,0.30984962,-0.62182355,-8.063306
383870562,383869865,-0.5823323,-0.45084816,-10.7951565
383920048,383919329,-0.25536057,0.078229465,-9.919352
383969561,383968793,0.32674044,1.3510586,-10.828242
384023487,384022754,-0.40788049,-0.9441062,-8.161571
384072907,384072222,0.35741523,-0.75289035,-7.207386
384122370,384121682,0.48786792,-0.21930921,-6.8766108
384171838,384171146,-0.44465333,-0.53418654,-9.058027
384221466,384220643,-0.54544824,-0.26953492,-11.398432
384270877,384270075,0.41242808,0.82408583,-10.288138
384320259,384319539,-0.431976,0.07179287,-9.38607
384374247,384373505,-0.0070136585,-0.3579653,-8.729763
384423839,384423009,0.05816278,-0.21737255,-8.1411705
384473150,384472429,0.2377603,-0.3687662,-7.158714
384522586,384521893,0.12903197,-0.12643954,-8.773962
384572096,384571357,-0.5410716,0.30409196,-11.411252
384621573,384620836,-0.42105314,0.4405619,-11.959046
384671030,384670286,0.6589323,0.38722184,-10.114912
384720504,384719750,-0.39008683,-0.2571874,-9.010287
384774475,384773711,0.26382187,0.14143579,-11.228974
384819426,384818678,0.31898072,0.5350597,-11.070925
384868833,384868148,-0.07345976,0.8055088,-9.479428
384922852,384922104,-0.057158113,-0.6295573,-9.319994
384972284,384971568,0.10513751,-0.1389214,-9.665214
385021747,385021032,-0.2628402,-0.18635312,-9.279318
385071304,385070499,-0.15752977,0.46442172,-10.596929
385120709,385119961,-0.33058628,1.2204015,-11.862814
385170201,385169425,-0.5231829,0.11501051,-10.48353
385219579,385218889,0.08468994,-0.491627,-7.459431
385273688,385272856,-0.46833685,0.19287026,-9.19964
385323064,385322314,-0.6603958,-0.22725704,-10.064528
385368006,385367282,-0.91201,-0.31300247,-9.27838
385421961,385421243,0.21508479,0.04062527,-9.515134
385471465,385470707,0.5384987,1.0144306,-9.187735
385520979,385520172,0.29706258,0.98686975,-8.849552
385570319,385569636,-0.6343996,0.4016647,-8.752631
385624545,385623601,0.010890812,-0.60167617,-8.435315
385669387,385668565,0.0197043,0.047288842,-9.120757
385723237,385722526,0.19235925,-0.44791076,-6.8531036
385772769,385771990,0.14772093,-0.8629838,-6.144599
385822186,385821455,0.40821403,-0.79522985,-7.836915
385871607,385870919,-0.9341824,0.38416064,-12.071085
385921118,385920405,-0.30013445,0.26460356,-12.02328
385970755,385969865,0.44746646,0.23057455,-9.3650675
386020038,386019312,-0.42266506,0.2955243,-9.516726
386069508,386068776,-0.55353945,-0.7506222,-9.68575
386123464,386122738,0.34939402,0.8454981,-10.51444
386172936,386172212,-0.8071356,0.3747213,-10.228926
386222347,386221666,-0.12515618,-0.33051488,-9.018227
386271837,386271134,0.43774313,-0.13675568,-8.336734
386321436,386320598,-0.27037555,-0.3903263,-8.012053
386370814,386370059,-0.5077035,-0.2482332,-10.385433
386420248,386419527,-0.09933644,0.4665274,-12.811045
386474234,386473491,0.21447416,-0.00832908,-9.675375
386523832,386523009,-0.7868715,-0.070167,-13.288513
386568640,386567917,0.4383954,0.15629017,-12.593607
386622718,386621878,-0.24714635,-0.5024646,-11.3216
386672064,386671342,-0.16969283,0.78559446,-12.766159
386721542,386720807,0.23337294,-0.45242676,-9.972372
386771068,386770273,-0.3801081,0.2318204,-10.591861
386825076,386824283,0.5383665,0.16927874,-10.572665
386869919,386869202,0.4507744,0.93097526,-9.340343
386919413,386918664,-0.36202067,0.0012186513,-7.576856
386973434,386972626,0.009550456,-0.16264835,-9.731645
387022911,387022093,0.3717804,0.51998746,-9.380968
387072318,387071554,-0.7066527,0.35601747,-10.488457
387121729,387121019,-0.31379944,0.9254698,-12.1866865
387175762,387174987,0.19688033,-0.6335977,-7.684775
387220712,387219954,0.10570765,-0.5587715,-8.317231
387270138,387269407,-0.5761772,-0.42485228,-10.1356735
387324235,387323390,0.35919827,0.66760284,-10.14774
387373587,387372844,-0.6745218,0.7316377,-10.2746725
387423030,387422309,-0.370998,-0.25063965,-8.953469
387468009,387467283,-0.30116266,0.44879004,-9.451564
387521963,387521231,0.4644205,0.0936025,-6.2958255
387571421,387570695,0.057732027,0.07163948,-6.8131256
387620878,387620163,-0.14512363,0.48017007,-5.846306
387670317,387669624,-0.10352397,0.62481594,-6.215102
387724346,387723586,-0.64210933,0.32273462,-6.9036036
387769301,387768553,-0.44328186,-0.054065686,-8.3124485
387818767,387818018,-0.18774608,-0.48921168,-8.987703
387868190,387867482,-0.67034686,-0.17034847,-10.995892
387922220,387921451,-0.2753346,0.9512214,-12.09746
387971601,387970908,0.099835746,0.4813138,-10.986826
388021072,388020379,-0.7957208,0.055845473,-10.396676
388070541,388069837,0.035164654,-0.67855716,-8.173504
388120028,388119303,0.3519025,-0.36672467,-8.138685
388169491,388168766,-1.0704837,0.2295156,-10.527001
388223597,388222736,0.46472183,0.39299062,-10.48589
388272888,388272213,0.22776435,0.5708144,-9.149444
388322389,388321657,-0.5644303,0.010503237,-9.021281
388371857,388371121,-0.3918852,-0.7468908,-8.250117
388421391,388420585,0.74601907,-0.34262526,-7.8246512
388470817,388470050,0.09186941,-0.2757661,-8.416196
388520344,388519514,-0.4110773,-0.5844844,-8.673033
388574307,388573476,-0.2701291,0.87216246,-12.407331
388623789,388622966,0.29603177,0.89840496,-10.288461
388668695,388667915,0.1192303,0.73057705,-10.110013
388722591,388721869,-0.692931,-0.22323166,-9.927664
388772064,388771334,0.026250312,-0.77582854,-8.962195
388821524,388820799,0.4217796,-0.10799372,-8.945428
388871023,388870293,-0.6943264,0.45616895,-10.646217
388925117,388924240,0.038125042,0.36705634,-10.702357
388969903,388969192,0.012857919,0.47333518,-10.216133
389019399,389018657,0.4718883,1.2097555,-9.979614
389073286,389072638,-0.3350613,-0.6394931,-8.284682
389122800,389122083,0.2923366,-0.22983356,-9.279438
389172334,389171553,0.18479645,0.113174595,-9.12744
389221742,389221028,-0.6544212,0.3295209,-11.006363
389271205,389270477,-0.39999273,0.79354453,-12.442765
389320760,389319944,0.0935317,0.601977,-10.136703
389370133,389369405,0.7644397,-0.0145719275,-8.410215
389424120,389423367,-0.7182673,-0.50734234,-10.208512
389473582,389472835,0.74200207,0.14087328,-10.925877
389523089,389522296,-0.37174946,1.0536538,-11.928378
389572519,389571761,-0.8229219,-0.21487433,-9.810803
389621957,389621231,0.8184216,-0.43828604,-8.601378
389671416,389670690,-0.0016585338,-0.39807078,-8.0665865
389720845,389720159,-0.34864455,-0.49796066,-9.298572
389770313,389769619,-0.09204305,0.21429636,-11.206989
389824351,389823580,0.27915895,0.78269446,-9.053682
389869284,389868548,-0.044277508,0.6357017,-9.892713
389918852,389918013,-0.34651676,0.5021748,-11.016639
389968281,389967477,-0.42591265,0.36053702,-10.235324
390022239,390021446,0.50104874,-0.5851003,-7.918344
390071651,390070904,-0.69762903,0.041567143,-9.819832
390121078,390120394,-0.307831,-0.010523574,-10.15101
390170624,390169833,0.37163764,1.0337989,-9.903835
390220016,390219298,-0.4692763,1.2122363,-10.446684
390269565,390268762,-0.41870138,0.19894676,-9.38745
390323566,390322724,0.44815078,-0.24971087,-7.469285
390372914,390372217,-0.2722171,-1.0826523,-7.1450095
390422399,390421670,-0.5280268,0.25993285,-10.966682
390471906,390471139,-0.104284436,0.29701158,-11.366619
390521325,390520582,-0.26489916,0.7995788,-9.520303
390570778,390570047,-0.24257992,-1.1828808,-8.754069
390620284,390619511,0.046687346,0.68066806,-10.457424
390674267,390673480,-0.5982147,0.5999375,-10.888122
390723775,390722944,-0.20325424,-0.015238546,-9.394764
390768671,390767903,0.26654094,0.09547553,-8.923088
390822565,390821867,0.21733825,-0.20198183,-7.35355
390872088,390871332,-0.7030809,-0.63515747,-8.223075
390921564,390920797,-0.25830972,-0.12534685,-10.43219
390970977,390970261,-0.25083256,0.82844657,-11.682775
391024965,391024230,-0.013623005,0.27250078,-9.663867
391069912,391069191,-0.88688135,0.46111366,-9.545582
391119392,391118657,0.12818472,-0.9966684,-8.676822
391173375,391172618,-0.22937106,0.79345053,-10.971239
391222840,391222082,-0.8619289,0.53129935,-10.591937
391272308,391271547,0.094078206,0.28948557,-9.678804
391321811,391321011,0.049926575,-0.5746258,-8.487115
391371204,391370476,-0.2078674,0.04096326,-10.325689
391420722,391419948,-0.59057873,1.1208229,-13.268901
391470150,391469406,0.06301372,0.19434498,-9.75502
391524163,391523379,0.35664004,-0.38537216,-7.065984
391573574,391572835,-0.15820593,0.5520225,-9.624026
391623056,391622328,-1.0531158,0.39223346,-12.514988
391672488,391671761,-0.31112227,0.21323417,-12.679169
391721968,391721226,-0.17579359,0.41748622,-9.780641
391771414,391770691,0.049675457,-0.3363515,-6.8036056
391820850,391820174,0.5228844,-0.30311584,-8.009544
391870332,391869620,0.053702682,0.5217736,-10.9777775
391924306,391923581,-0.15701088,-0.17491995,-8.942942
391973779,391973047,0.3016004,-0.6517219,-7.1590376
392023222,392022511,0.6973494,0.5382684,-8.298421
392072687,392071976,-0.40027687,0.6729739,-10.664241
392122236,392121441,-0.73927563,0.3624774,-10.707997
392171613,392170905,0.26468378,-0.47031972,-7.5868487
392221091,392220370,0.71898824,-0.004321989,-8.949066
392270529,392269835,-0.7715266,0.30049708,-10.964335
392320052,392319300,-0.1822853,0.39530912,-12.000613
392369528,392368791,-0.12671375,0.008036419,-9.393343
392423573,392422726,0.24797219,0.023137275,-8.730517
392472893,392472212,0.22226916,0.9264673,-11.200302
392522343,392521656,-0.6691091,0.40098274,-10.186654
392571797,392571128,-0.3411604,-0.6611127,-7.9833794
392621414,392620585,0.8100255,-0.63380516,-8.202044
392670766,392670051,0.29551026,0.33738956,-7.663442
392720424,392719515,-0.00701337,0.60920095,-9.688558
392774239,392773498,-0.78437704,0.40945077,-10.026166
392823820,392822953,-0.22000735,0.19717805,-10.091072
392873140,392872406,0.32936233,0.45264402,-9.8288355
392922596,392921871,0.30937397,1.1616102,-8.623906
392972088,392971336,-0.6719892,-0.17926005,-9.220655
393021614,393020801,-0.08203282,-0.5900328,-11.560851
393071002,393070271,0.35403416,0.7045826,-10.516049
393120473,393119731,-1.2454851,0.28480658,-12.225569
393169955,393169212,0.6989176,0.6142298,-10.069576
393223925,393223157,-0.36030743,-0.6528758,-10.4970045
393268821,393268136,-0.011494755,0.28386784,-11.086237
393322811,393322087,-0.2637678,0.239762,-11.781544
393372263,393371552,-0.08727984,0.25324008,-10.65588
393421752,393421017,-0.29535156,-0.52396554,-10.123849
393471215,393470481,0.45123136,-0.20031178,-8.233431
393520672,393519951,-0.04308618,-0.13637449,-11.148062
393570166,393569411,-0.60349,0.19548377,-11.175765
393624117,393623379,-0.68205416,1.2132077,-11.372773
393673608,393672843,-0.026386438,0.47970614,-11.228065
393723027,393722303,-0.09840924,1.2624768,-12.925397
393772507,393771768,-1.1269885,-0.027231855,-12.938031
393821987,393821234,0.254445,1.0199496,-13.092575
393871439,393870712,-1.3203354,0.29967368,-11.977553
393920851,393920163,0.6587906,1.2967862,-10.588783
393970329,393969635,-1.2078192,0.6038876,-12.458179
394024315,394023589,0.42661107,0.43871638,-9.669192
394069288,394068557,-0.7087389,0.52148515,-11.424111
394118751,394118022,-0.16882682,0.0032797041,-10.128882
394172745,394172018,0.16342969,-0.027279513,-5.9460063
394222173,394221449,0.03758608,0.32437548,-6.687715
394271605,394270913,-0.0266941,0.32705736,-9.225407
394321085,394320387,0.17579013,0.70856047,-9.211614
394370551,394369847,0.4498482,0.2399228,-10.198354
394420059,394419308,-0.5002972,0.14277051,-10.120403
394469521,394468773,0.2817636,-0.6953407,-9.644341
394523484,394522735,-0.852371,0.43722242,-10.694799
394572899,394572213,0.8366767,0.3451969,-9.147412
394622350,394621665,-0.30851966,-0.74972624,-9.400462
394671864,394671130,-0.70324844,-0.8327102,-10.603523
394725948,394725098,0.5193007,1.4253539,-8.477283
394770865,394770063,0.021662321,0.7342188,-8.749228
394820246,394819525,-0.018166322,0.14892372,-9.388595
394874212,394873484,-0.113678165,1.0164666,-10.692432
394923820,394922959,-0.12273008,1.017495,-10.226952
394968641,394967920,-0.3298151,0.984584,-11.524425
395072073,395071347,-1.4079547,-0.46344203,-11.3359165
395121614,395120818,0.8746636,0.1622413,-11.70569
395171069,395170277,0.5731836,1.3730648,-9.654213
395220474,395219742,-0.6507294,-1.0950297,-9.565565
395269937,395269207,-0.5654622,-0.49149632,-9.698475
395319395,395318672,0.16352762,0.43573028,-10.278891
395373411,395372634,-0.0694497,0.36740035,-10.352669
395422882,395422098,0.51233673,0.35818473,-9.9084015
395472278,395471564,-0.09279096,-0.8183873,-8.718994
395521796,395521028,-0.15506822,-0.24704029,-9.851947
395571288,395570494,-0.594518,0.22918344,-13.17641
395620679,395619965,0.70969564,0.57643145,-8.868763
395670145,395669423,-0.24765451,-0.0051284214,-10.049979
395724305,395723394,-0.14962287,0.4433134,-10.52188
395773688,395772850,0.9381883,1.5207847,-11.600741
395823049,395822316,-0.7008449,0.054912236,-10.042232
395868045,395867283,-0.9353695,0.092635006,-10.345912
395921998,395921246,0.8744285,0.9050859,-9.093053
395971482,395970711,0.58041066,1.1280365,-8.858513
396020873,396020176,-0.16524448,-0.6345782,-8.349424
396070356,396069640,-0.19280528,0.036007363,-8.908167
396124327,396123602,-0.29374552,0.09072206,-9.712762
396169289,396168571,-0.4459912,0.24778533,-11.844718
396218777,396218036,0.2844147,0.580091,-9.560887
396272721,396271997,-0.04405595,-0.054093998,-10.019135
396322188,396321463,-0.049876858,-0.99720293,-8.994292
396371684,396370928,-0.81360126,0.14703976,-10.236045
396421080,396420395,0.6535972,0.37708622,-8.989232
396470639,396469858,-0.3337598,0.7639226,-11.300949
396520097,396519330,0.13857432,0.35364145,-9.37172
396569543,396568788,0.043278627,-0.6983332,-8.675543
396623668,396622760,-0.58806795,-0.05397411,-11.211894
396672894,396672213,0.43758357,0.102725476,-8.773295
396722434,396721691,-1.0855585,0.65320945,-10.950538
396771891,396771164,0.7877912,0.5083963,-9.821971
396821422,396820621,-0.0054030335,1.1521621,-10.406768
396870794,396870075,0.27988532,-0.62038445,-9.090066
396920255,396919540,-0.06780442,-0.2793005,-10.826467
396974307,396973502,0.1893127,-0.11058699,-8.481475
397023776,397022967,-0.24365689,0.5195699,-9.845504
397073148,397072433,0.051285904,0.7179466,-10.531756
397122592,397121898,0.534476,0.6670082,-8.226416
397172086,397171363,-0.5543315,-0.19444855,-12.352986
397221643,397220828,-0.61218745,-0.18348387,-9.31389
397271009,397270293,-0.16435857,-0.7845841,-11.755995
397320500,397319758,-0.4091278,0.778351,-11.002807
397369939,397369223,-0.05359983,0.27965292,-9.570392
397419467,397418702,-0.17211781,0.66955334,-10.549437
397468830,397468176,0.064672194,0.44943038,-10.330834
397522925,397522116,-0.6489343,-0.29804465,-9.193674
397572297,397571581,0.12918463,0.035202954,-9.58948
397621770,397621046,-0.061857056,0.004797122,-9.911039
397671360,397670534,-0.23552705,0.31464136,-11.706325
397720725,397719976,0.3793297,1.0349232,-8.604535
397770159,397769449,0.14260864,0.6500094,-7.5097995
397824170,397823404,-0.03209633,0.36712632,-8.941293
397873738,397872884,0.0902525,-0.7397724,-9.59863
397923221,397922334,-0.7527744,-0.4192898,-11.155412
397968080,397967302,-0.031979047,0.053841084,-9.19371
398021980,398021264,0.007958367,1.0730428,-10.146058
398071506,398070739,0.2536704,-0.030387618,-9.688736
398120909,398120212,-0.41548607,0.4929002,-11.2762165
398170361,398169660,0.5807851,-0.2775992,-7.9820437
398224498,398223628,-0.6002794,-0.121803366,-10.708652
398269365,398268608,-0.107517205,-0.030089647,-7.747096
398323339,398322560,0.042527184,-0.24113816,-9.932482
398372866,398372017,-1.248892,-0.10238165,-11.2315
398422194,398421512,0.46894,-0.0038436654,-9.0851755
398471638,398470948,-0.40556198,1.3816497,-9.477858
398521105,398520417,0.6137864,-0.42107382,-8.36642
398570647,398569878,-0.6048856,0.5036409,-10.848333
398620080,398619343,0.26041663,-0.77442825,-8.704848
398669570,398668813,0.20251329,0.15345438,-8.29326
398723627,398722780,0.018992398,-0.260412,-9.049202
398772923,398772236,0.053268842,-0.25708154,-9.537577
398822437,398821701,-0.49594963,0.42896795,-9.099899
398871868,398871173,-0.4007885,-0.41740566,-9.132926
398921453,398920653,0.03690454,0.84317684,-8.740623
398970846,398970115,-0.74454564,-0.09835634,-9.771795
399020281,399019562,-0.11070764,0.95684,-12.865053
399074324,399073531,-0.485692,-0.58953065,-8.553151
399123790,399122989,0.3601117,0.15997426,-9.232028
399168722,399167958,-0.64336187,-0.5532959,-10.146482
399218102,399217418,-0.2525816,-0.32979938,-10.189434
399272176,399271406,-0.4311317,0.32747146,-9.370305
399321590,399320850,0.224591,0.43726087,-8.897187
399371050,399370316,0.5575503,0.68845594,-8.069046
399420531,399419792,-0.16086024,-0.35534304,-7.6053534
399469964,399469246,0.17114183,-0.07724086,-10.051299
399519528,399518711,-0.6729248,-0.6854266,-9.739248
399568863,399568176,-0.31030586,-0.10843021,-8.957331
399622902,399622139,0.13380569,0.69816923,-10.984731
399672315,399671604,-0.5837291,0.118490376,-11.872875
399721890,399721069,-0.4299943,-0.11201776,-7.88407
399771294,399770534,0.54251975,-0.16274881,-7.290848
399820709,399819999,-0.96658015,-0.5392094,-11.091207
399870168,399869476,-0.50923294,-0.41678628,-10.476064
399924277,399923429,-0.6213447,1.1373422,-9.571685
399973691,399972896,0.23054628,0.04662952,-10.134167
400023145,400022379,-0.18583024,1.0622582,-10.847737
400072566,400071823,0.542554,-0.19152269,-6.392314
400122012,400121298,-0.4946935,-0.34675008,-10.100544
400171502,400170754,-0.07026585,-0.25145203,-9.530123
400220933,400220226,-0.05643536,-0.7454547,-8.950076
400270366,400269684,0.1158783,0.44756785,-10.113283
400324617,400323653,-0.22777897,-0.044380702,-9.343664
400369358,400368615,-0.05548034,0.20720911,-8.828976
400423305,400422589,-0.008838141,0.3262571,-8.975479
400472796,400472042,0.23172803,-0.47757223,-6.4290476
400522291,400521512,-0.7643577,-0.7640557,-9.729089
400571712,400570991,-1.1768075,-0.48824307,-11.681992
400621161,400620452,-0.8181962,-0.29793054,-11.354232
400670694,400669933,-0.89542407,0.36522385,-11.015628
400720104,400719369,0.49627838,0.23729892,-9.360309
400769567,400768834,0.34322062,1.1427567,-9.705808
400823715,400822801,-0.17978352,-0.62455744,-8.488903
400873023,400872283,-0.56838727,-0.7940815,-8.336578
400922423,400921727,-0.10183306,0.32221106,-11.201236
400972074,400971196,-0.063533954,0.62259954,-11.122723
401021449,401020658,0.18848719,0.3535791,-11.917853
401070859,401070123,-0.2644653,-0.6078574,-8.469212
401120304,401119589,-0.1456468,0.8909536,-13.832617
401174250,401173567,0.15113805,0.89031035,-11.99163
401223836,401223016,0.19800036,-0.05314571,-10.065107
401268744,401267985,0.16697344,-0.64984965,-11.532666
401322766,401321947,-0.60970336,0.5762738,-10.366584
401372139,401371412,0.14911795,-0.048686083,-9.981998
401421783,401420882,-0.14400949,-0.049231656,-9.987514
401471117,401470343,-0.29015854,-0.28738794,-8.544152
401525165,401524312,0.57919794,0.49736795,-9.842395
401569982,401569274,0.08030346,0.5692918,-9.675913
401623921,401623236,-0.40415338,-0.65357584,-9.815877
401673425,401672702,0.092709765,0.44810224,-9.275861
401722916,401722167,-0.34281784,1.1110171,-10.426771
401772344,401771632,-0.2773936,-0.17906922,-8.831348
401821829,401821100,0.19205578,-0.76954097,-6.915412
401871299,401870563,0.6418662,-0.14824975,-7.6890383
401920787,401920035,0.16133504,0.45224336,-9.145982
401970181,401969494,-0.41851413,0.42506617,-9.898958
402024406,402023476,-0.5224246,0.47248676,-11.38799
402073642,402072921,0.6846273,0.23150156,-9.195803
402123240,402122400,-0.3198309,-0.15565133,-8.644012
402168082,402167355,-0.4796717,-0.5631667,-7.6080923
402222032,402221318,-0.08696924,1.0900587,-12.533352
402271552,402270845,-0.25344938,0.10652309,-9.633044
402320997,402320249,0.36594474,-0.19724146,-8.809246
402370494,402369733,0.6112019,0.07513199,-7.8195043
402424484,402423686,0.3826374,0.50300705,-10.634185
402469363,402468645,0.74758595,0.70676666,-11.627596
402518866,402518110,-0.38301829,0.3406977,-6.986358
402572895,402572073,-0.4955207,0.849991,-12.919836
402622241,402621552,0.31975102,0.140963,-8.428305
402671733,402671008,-0.27939174,-0.1564975,-11.128462
402721191,402720481,-0.46654525,0.33754164,-11.080984
402770701,402769934,0.7849114,0.5017305,-9.797658
402820121,402819402,-0.03557939,-0.038919862,-9.393288
402869580,402868866,-1.0409694,-0.5244499,-11.811165
402923559,402922862,0.4902301,1.059926,-7.8953023
402973009,402972293,-0.0439744,-0.4912608,-8.240316
403022464,403021759,-0.7855319,-0.27290848,-9.8565855
403071910,403071224,-0.24794547,0.8910049,-12.157521
403121461,403120693,-0.5465642,0.7735142,-11.484614
403170906,403170158,-0.035596445,-0.21490943,-8.326937
403220371,403219627,0.6037937,-0.50696456,-5.9612746
403274350,403273583,-0.14057213,0.088433266,-9.245337
403323759,403323052,-0.73994476,0.10412351,-9.974975
403373210,403372529,-0.27965575,0.51339465,-12.269739
403422778,403421981,0.28292003,0.044892196,-11.924201
403472182,403471445,-0.3256314,-0.30264384,-8.049899
403521691,403520911,-0.38831532,0.4287294,-10.746393
403571110,403570389,0.065604344,0.60724473,-10.70507
403620596,403619842,-0.42682642,-0.39055273,-10.375868
403670089,403669307,-0.25756428,-0.6741527,-8.346355
403719481,403718772,0.6173158,0.26879406,-8.736237
403773467,403772735,-0.43536934,0.17731808,-9.3321295
403822912,403822200,-1.0950226,-0.17876703,-9.54824
403872449,403871673,-0.19058532,-0.5442223,-11.154389
403921904,403921132,0.45486322,0.64648944,-9.929881
403971319,403970597,0.022772579,0.8321851,-8.060951
404020867,404020063,-0.1595412,-0.21197599,-7.0995374
404070210,404069528,-0.6137922,-0.45061004,-9.733024
404124411,404123495,0.17835674,0.33125892,-10.643626
404173732,404172956,-0.0126890885,0.33887753,-10.406861
404223147,404222421,-0.05407866,0.18319182,-9.130137
404272644,404271887,0.12557259,-0.54788244,-7.185687
404322078,404321352,0.074357696,-0.023327151,-8.148154
404371545,404370851,-0.3427011,0.6995652,-11.712204
404420981,404420284,-0.30113018,0.16823454,-10.704525
404475049,404474252,0.30343562,-0.07523906,-8.993183
404524676,404523715,-0.57551986,0.010586007,-11.487687
404569433,404568686,-0.1828545,-0.061294533,-9.663682
404618967,404618169,-0.8307677,0.30815315,-11.266698
404672830,404672108,0.24524556,0.3896448,-9.499391
404722289,404721574,-0.123230636,0.32123804,-6.7946215
404771766,404771039,-0.40514374,-0.58717144,-9.57912
404821356,404820535,-0.73437035,-0.3197388,-11.295346
404870845,404869977,-0.088270016,0.5126141,-12.028217
404920155,404919436,0.073960945,0.6534027,-9.915683
404969626,404968901,0.09545748,-0.09443075,-8.649521
405023740,405022929,-0.19097131,-0.3041083,-9.407219
405073140,405072330,0.18564878,0.79888195,-9.833532
405122742,405121813,0.0442592,0.6074309,-10.075816
405172020,405171261,-0.02534379,-0.42347658,-9.826453
405221531,405220729,-0.5505078,-0.07885242,-11.863639
405270968,405270192,-0.75921464,0.22870061,-11.317362
405320407,405319658,0.78031707,0.98432434,-10.554629
405374332,405373620,-0.74127674,-0.7073827,-8.825691
405423797,405423090,0.30854437,-0.61619645,-8.529423
405473242,405472559,-0.2801609,0.40137038,-10.393264
405522785,405522017,-0.060863666,0.030259373,-9.295699
405572236,405571482,-0.24458414,0.809343,-11.681803
405621734,405620948,0.41134807,0.71476215,-9.377312
405671142,405670422,0.27277443,-0.004103888,-8.743522
405720640,405719879,-0.31231493,-0.31269625,-8.94511
405770089,405769349,-0.96843606,-0.95409614,-10.583044
405824054,405823308,-0.004520178,1.2289208,-10.621141
405873525,405872780,-0.7252297,0.18417063,-11.264936
405922992,405922239,0.7010206,0.13898729,-9.001366
405972472,405971705,-0.059541993,-0.17894305,-8.86805
406021934,406021170,-0.15519887,0.07057314,-11.949714
406071400,406070636,0.44798037,0.5090167,-9.982887
406120794,406120109,0.0026606312,0.06599017,-8.9784355
406170259,406169567,-0.12943052,-0.23701304,-7.4180784
406224334,406223529,-0.23240252,0.12499426,-10.156548
406273746,406272998,-0.6996906,0.46848843,-10.061362
406323323,406322461,-1.0450045,-0.273338,-10.387722
406368172,406367429,-0.8446292,-0.7966793,-7.5595403
406422166,406421415,-0.078956835,0.48238787,-11.550185
406471592,406470858,0.13160321,0.97539335,-10.180539
406521053,406520323,-0.43684778,0.6601805,-11.60085
406575017,406574292,-0.44529262,-0.5631976,-10.393427
406624650,406623755,-0.2697652,0.54781526,-10.218148
406669518,406668720,-0.38708812,0.9021411,-13.368263
406718904,406718186,0.38094658,-0.23464572,-9.703249
406772862,406772163,-0.5093751,-0.60270363,-10.785702
406822330,406821615,0.03982639,0.9779392,-10.156235
406871774,406871080,0.2345939,1.7156093,-9.512863
406921288,406920552,-0.80904233,0.627141,-9.7478485
406970745,406970012,0.1808587,0.17456679,-6.7570715
407020363,407019477,0.5473163,0.32216975,-8.534204
407069673,407068946,0.43884736,1.0315268,-7.786845
407123726,407122910,0.3371854,-0.6644086,-6.4008102
407173095,407172402,-0.9150567,-0.48664743,-9.99765
407222534,407221837,0.1804804,-0.24706253,-11.124544
407272062,407271302,0.1630037,1.4784958,-10.835569
407321496,407320768,-0.5123835,-0.05504789,-10.3536215
407370991,407370234,-0.04375248,-0.8604015,-8.426916
407420474,407419699,-1.1110076,0.11346784,-10.084448
407474458,407473662,0.25387758,1.2891067,-10.117741
407524106,407523132,0.13766079,0.6019616,-9.668183
407573336,407572594,-0.076008335,-0.95743555,-7.179363
407622784,407622060,-0.11617017,-0.34352872,-8.347002
407672275,407671525,-0.81156445,0.35057762,-10.751697
407721736,407720991,-0.3606773,0.5842502,-11.296517
407771176,407770463,0.5984843,0.5616171,-9.709886
407820676,407819939,-0.73934805,-0.829689,-7.3806186
407874682,407873885,-0.50867707,1.0574023,-12.329028
407919543,407918854,0.03251153,1.0449,-12.174553
407973562,407972822,-0.44132861,-0.6233874,-9.065269
408023016,408022282,0.3119525,0.29628703,-9.093294
408072487,408071751,-0.009786249,0.16756864,-11.410852
408121969,408121213,-0.64027005,-0.34506205,-11.068145
408171402,408170680,-0.12573984,-0.049935747,-8.981593
408220829,408220148,0.47188333,1.1790187,-11.025097
408270391,408269611,-0.755626,0.49679577,-9.873443
408324279,408323574,0.04297192,-0.6073203,-9.697917
408373796,408373044,0.3784476,0.49827632,-9.4368925
408423463,408422505,-0.1451131,0.500772,-9.064659
408472740,408471978,-0.1573651,0.6875461,-10.042041
408522271,408521444,-0.48083517,0.2488398,-9.545971
408571595,408570903,-0.96235996,-1.22536,-8.649222
408621054,408620368,0.0031079587,-0.2824694,-9.973014
408675099,408674359,-0.3699843,0.65948516,-10.304022
408720045,408719300,-0.1012444,0.17864291,-10.998827
408769523,408768776,-0.31691054,-0.16661492,-11.008253
408818950,408818231,-0.67958945,-0.8652018,-8.160522
408872879,408872194,0.48644024,1.1623366,-11.764847
408922481,408921662,-0.46126854,-0.57455075,-9.396051
408971838,408971126,-0.013250838,-0.66963834,-8.395071
409021316,409020592,-1.0227153,0.111250535,-11.289649
409070801,409070057,-0.7938511,0.5459745,-11.10006
409120331,409119523,0.90782744,0.91669416,-10.17012
409169711,409168989,0.37013054,1.1735479,-9.899218
409223639,409222952,-0.44143653,-1.1642003,-7.552152
409273122,409272421,-0.7357174,-0.0016781699,-11.21281
409322678,409321883,-0.4275112,1.0000243,-12.274415
409372103,409371349,0.431569,0.61798155,-9.3179245
409421554,409420818,0.1683669,-0.53525406,-9.128755
409471001,409470281,-0.84530467,-0.5013063,-9.303537
409520497,409519765,-0.60908955,0.5964368,-10.557608
409574400,409573709,-0.22699186,-0.22749904,-8.525131
409624091,409623186,-0.7757961,-0.016703086,-9.650337
409668836,409668144,0.11016907,0.15045339,-11.318578
409718348,409717619,-0.854124,0.7544915,-11.816179
409772365,409771573,0.097128905,-0.31496578,-8.446255
409821794,409821039,-1.0305434,-0.8712544,-10.389398
409871271,409870504,-0.4878479,0.8705291,-10.4852
409920686,409919970,0.56855196,0.6936805,-10.653156
409970178,409969436,0.42630368,-0.19976111,-8.223783
410019593,410018905,-0.4927564,-0.25240037,-7.130323
410073649,410072872,0.6391915,0.9398107,-9.487885
410123080,410122330,0.22359219,1.1508472,-10.925935
410172526,410171799,-0.112043135,-0.40311646,-8.479892
410222019,410221262,-0.4688299,-0.34475312,-8.998395
410271465,410270762,-0.22691931,-0.1525735,-10.812393
410320886,410320194,-0.206733,1.1985888,-11.5429325
410370357,410369660,0.65376043,1.1599684,-10.5667095
410424503,410423626,-0.18879086,-0.83447856,-5.94013
410473877,410473088,0.007090718,-0.6304572,-8.530787
410523364,410522558,-1.1133716,-0.11349674,-10.109892
410572742,410572020,-0.61066467,-0.3078799,-10.447057
410622178,410621494,-0.40268752,0.40776208,-10.067864
410671637,410670952,0.48836148,1.1688715,-10.573896
410721126,410720438,0.17987019,0.9252639,-10.181778
410775137,410774401,-0.08825082,-0.66904336,-9.585736
410820145,410819362,-0.5567375,0.09359727,-11.00565
410918988,410918282,0.14654605,-0.09819945,-9.615264
410972989,410972244,-0.35152057,-0.3843335,-8.868932
411022367,411021716,-0.6698424,-0.26017806,-10.252981
411071932,411071176,-0.4169987,0.9614763,-12.353514
411121383,411120642,0.8139711,0.40811566,-8.537195
411170829,411170108,-0.4663393,-0.8340302,-10.595381
411220291,411219574,-0.13733977,1.0853494,-10.022912
411269833,411269040,0.30769625,0.28097472,-10.570107
411323727,411323009,-0.58240443,-0.48144743,-8.911373
411373154,411372469,0.16979891,0.35178867,-9.104021
411422696,411421934,0.36807552,1.1051941,-11.2891
411472255,411471400,-0.15142216,0.44402513,-9.193204
411521618,411520866,-0.25553823,-0.89097905,-7.8121133
411571049,411570332,-0.096989214,-0.342625,-8.796613
411620527,411619798,-0.5660056,0.014253822,-10.15863
411674443,411673783,0.434111,0.68166304,-11.438684
411724088,411723227,0.41174227,0.6959526,-8.518811
411768899,411768196,0.463856,0.81845284,-8.480656
411822895,411822159,-1.1688143,-0.24269569,-10.637785
411867888,411867139,-0.7925717,-0.040707313,-10.958829
411921836,411921091,0.16818586,0.49862722,-10.106279
411971273,411970557,-0.11033333,0.31150934,-9.951803
412025487,412024525,-0.6469942,-1.0152439,-8.805377
412070192,412069488,-0.23274417,-1.612268,-9.206865
412119647,412118954,-0.34780094,0.20999296,-9.118028
412173676,412172919,-0.4607914,1.5637299,-10.660702
412223237,412222393,-0.6368192,0.36269307,-10.334401
412272574,412271858,-0.47863695,0.2429515,-9.843596
412322120,412321315,-0.17420967,0.77846587,-8.671466
412371491,412370781,0.31106842,1.1855471,-9.04681
412420974,412420249,0.5718704,1.2972113,-9.3979435
412470450,412469713,0.46073332,1.417721,-10.747239
412524530,412523676,0.45008346,-0.15660526,-5.5428586
412573863,412573142,0.041966554,-0.89776397,-8.770035
412623402,412622613,-0.84692967,0.15142907,-12.355662
412668298,412667577,-0.31193176,0.12505941,-11.11281
412722232,412721540,0.39491332,0.8572608,-9.452746
412771770,412771021,-1.0721371,-0.8895539,-8.162358
412821157,412820472,-0.50622547,-1.3799386,-10.431295
412875244,412874438,0.17196548,1.3482753,-10.409616
412920143,412919404,-0.12844895,0.7888439,-11.666674
412974093,412973367,-0.2596865,-0.36760953,-9.726717
413019055,413018336,-0.27386862,-0.4523628,-10.481423
413072979,413072328,0.035927862,0.85405076,-11.245974
413122472,413121774,-0.27073684,0.009983809,-11.488387
413171969,413171231,-0.6240032,-0.7756037,-8.988125
413221455,413220697,-0.35982114,-0.3233798,-10.131992
413270889,413270163,0.28339916,0.8403215,-10.869361
413320362,413319640,0.11550382,1.017549,-11.019396
413369839,413369095,-0.8104807,-0.11882548,-8.879314
413423813,413423058,-0.0044584773,-0.4129333,-9.282155
413473418,413472524,-0.22348261,0.6833368,-11.222999
413522726,413521990,-0.55412275,0.85115045,-11.301161
413572179,413571456,-0.23577005,-0.72064376,-11.343063
413621704,413620922,-0.41406018,0.37753537,-11.253972
413671117,413670400,0.33217618,0.7039899,-9.858605
413720595,413719854,-0.4150165,-0.5473839,-8.256674
413774525,413773817,-0.07447557,0.22962128,-10.535777
413824150,413823290,0.23454882,0.62061936,-8.200411
413868956,413868259,-0.048920844,0.078786284,-9.12784
413922933,413922216,0.02486445,0.4200539,-7.91442
413972581,413971688,0.8390352,0.39794078,-6.676415
414021957,414021147,0.45785812,0.34550732,-6.650164
414071358,414070613,0.40262887,0.10610677,-6.9780364
414120790,414120080,-0.59127116,-0.41335568,-9.734817
414170239,414169546,-0.4943469,0.64868283,-11.88058
414219726,414219012,-0.13837482,0.08962418,-11.11774
414273693,414272975,0.18065135,0.03169068,-9.334089
414323186,414322441,-0.32737076,0.6835256,-10.948819
414372739,414371907,-0.6192937,-0.80448455,-9.761458
414422151,414421392,-0.124400936,-0.09994333,-11.838239
414471607,414470863,0.12311257,0.8339107,-9.56759
414521007,414520313,-0.2353743,-0.49280366,-8.408862
414570551,414569789,-0.27939644,0.33670884,-11.813397
414624674,414623740,-0.37188476,-0.59978634,-9.218144
414673953,414673218,-0.54575706,-0.46059757,-8.345227
414723462,414722666,0.4514408,1.0961951,-11.218996
414768362,414767636,0.4719472,1.281152,-11.300131
414822297,414821599,-0.9346574,-0.970619,-10.89355
414871771,414871065,0.66984564,0.5018526,-10.367136
414921351,414920531,0.37037072,0.6614189,-8.139683
414975296,414974494,-0.97456175,-0.4294808,-9.804311
415024728,415023960,-0.5471781,0.10519154,-11.393606
415069828,415068932,-0.9154954,0.39842808,-12.324649
415123599,415122892,0.5385212,-0.30395427,-7.9706674
415173063,415172358,-0.17731595,-0.3897151,-8.406088
415222647,415221825,-0.049126226,0.6979201,-8.839748
415272055,415271290,-0.40821296,0.7880922,-9.718772
415321514,415320757,-0.1665223,0.0907452,-7.2496448
415370947,415370230,-0.498734,-0.60490817,-9.168235
415420422,415419693,-0.51840895,-0.4012064,-11.727125
415469891,415469156,-0.07960814,0.4129927,-12.3328085
415523973,415523125,-0.052406933,-0.44694266,-8.809558
415573478,415572584,-0.5304123,0.6395485,-13.911709
415622839,415622063,-0.013666313,-0.23603858,-11.111883
415672276,415671520,-0.1917761,0.45942637,-11.023659
415721726,415720983,-0.072209306,0.4030738,-11.16721
415771196,415770453,-0.35059804,-1.139313,-8.099317
415820640,415819915,0.35430485,0.0075784763,-10.4512005
415874652,415873884,-0.024956355,0.3324509,-9.762777
415919582,415918865,-0.41863397,0.21270488,-8.252817
415969027,415968313,-0.9105038,-0.7540798,-10.717277
416023012,416022277,0.31395066,0.24284798,-10.4684105
416072491,416071752,0.33180937,0.552183,-9.668123
416121961,416121209,0.05675399,0.43055677,-7.7686143
416171433,416170683,-0.1614828,-0.2192037,-5.9555383
416220820,416220142,0.18499234,-0.82533133,-5.547951
416270311,416269610,-0.08018648,-0.8282122,-7.299845
416319884,416319076,0.26548696,0.25556478,-9.616936
416373765,416373043,-0.4777537,0.022602439,-9.609219
416423245,416422503,-0.520269,-0.97380686,-8.256432
416472683,416471969,-0.22173959,-0.2954448,-10.07636
416522137,416521435,-0.29893962,0.7920909,-12.499551
416571618,416570910,-0.39095318,-0.25440934,-10.61181
416621196,416620368,-0.20745155,-0.4209187,-11.943838
416670571,416669834,-0.19868977,0.8146957,-10.9303465
416720018,416719300,-0.422245,0.36100373,-9.808775
416774111,416773263,0.02966378,-0.12141665,-8.156612
416818949,416818233,0.3275711,-0.19669135,-7.4779425
416872877,416872196,-0.524627,-1.190622,-8.243676
416917884,416917165,-0.6291348,-1.3266728,-7.812655
416971885,416971138,-0.5262627,-0.43015248,-8.49061
417021352,417020594,-0.69986194,0.020692179,-11.460602
417075300,417074557,0.27184632,1.1823144,-11.805524
417120250,417119527,-0.086448506,0.80930746,-10.875485
417169724,417168993,-0.6173544,1.1671395,-12.05335
417223770,417222960,0.42522654,-0.22012429,-8.352289
417273277,417272423,-0.3857688,-0.40749586,-9.10221
417322805,417321892,-0.28987226,0.2761443,-13.360374
417372105,417371355,0.68098754,0.5440921,-10.015377
417421583,417420821,-0.79016906,-1.0982714,-11.0501175
417471030,417470293,-0.1676327,0.94709224,-12.0285635
417520487,417519754,0.12912643,0.68317115,-10.82277
417569928,417569220,0.06717441,-0.448054,-9.348127
417623919,417623183,0.046389688,-0.40264973,-8.803242
417673385,417672651,-0.7736225,-0.35712764,-8.437284
417722877,417722115,-0.8481057,-0.6551886,-10.056926
417767808,417767085,-0.048004523,-1.116536,-9.047595
417821783,417821048,-0.29002196,0.29947674,-10.879742
417871273,417870523,-1.1516724,0.4290425,-10.537269
417920795,417920012,-0.30389953,0.8118481,-11.593845
417974698,417973944,0.02810727,-0.008433472,-7.3286066
418019600,418018913,0.21566072,0.14452715,-8.192076
418069273,418068393,0.07963999,-0.23576424,-9.315917
418118577,418117846,-0.122743644,-0.3315843,-8.889032
418172571,418171809,-0.19544044,-0.35774663,-8.047816
418222007,418221275,-0.57983065,-0.03145954,-9.823324
418271448,418270746,-0.44195876,0.021076221,-10.842879
418320896,418320210,0.5347227,1.3936404,-10.623444
418370403,418369687,0.17519496,0.76839095,-10.198755
418419875,418419148,0.0030312063,-0.17847276,-7.251677
418473840,418473120,-0.10986993,-0.2993249,-9.956334
418523507,418522575,-0.7306727,-0.94936067,-9.533393
418572741,418572062,-1.0730348,0.36852905,-10.907747
418622198,418621502,-0.6719334,0.96845216,-14.093285
418671722,418670971,0.23875892,0.6152484,-9.509353
418721193,418720446,0.7186793,0.27022126,-9.158163
418770643,418769901,-0.8128492,-0.54608816,-9.695141
418824763,418823871,-0.30671227,-0.3803821,-9.428142
418874079,418873336,-0.25263134,0.5158168,-12.682615
418919055,418918300,-0.6006166,0.67737514,-11.624917
418968495,418967766,-0.28389773,0.4175043,-10.335278
419022430,419021730,0.82462555,0.3044625,-9.294915
419071977,419071193,-0.47283378,-0.926817,-8.908992
419121412,419120662,-0.6974845,-1.5337441,-7.993883
419175361,419174631,-0.33274055,1.1873494,-10.691876
419220306,419219595,-0.36691606,0.18269888,-11.366119
419269784,419269061,-0.4896067,0.1726497,-10.981763
419319316,419318535,-1.4286777,-1.7680655,-9.422854
419373244,419372491,1.692646,1.3577108,-7.1293573
419422687,419421957,-0.67189,-2.422149,-6.7133465
419472130,419471424,-3.629949,-2.7700856,-23.495926
419521655,419520908,2.6368358,1.5746241,-0.8940555
419571116,419570356,3.969196,0.4362194,-10.91336
419620556,419619823,2.3859818,0.32608303,-7.756738
419669993,419669312,1.3347397,1.5852057,-9.32989
419724133,419723260,2.4939134,-0.70991135,-8.861839
419773497,419772722,2.3610578,-1.7308238,-9.191979
419823014,419822184,2.4805574,-0.5362904,-9.370976
419872533,419871661,1.8776269,-0.29713348,-9.555838
419921850,419921117,-2.89883,-1.538622,-16.829477
419971421,419970584,-1.0305463,1.2236476,-4.436381
420020792,420020056,-4.4655237,2.199997,-9.456649
420074849,420074013,0.28314018,-1.4286847,-12.991338
420119668,420118983,2.962854,-0.7467983,-7.852276
420173722,420172954,2.3800933,-0.09235113,-9.76017
420218636,420217916,0.7839368,-0.3705504,-11.920912
420272627,420271879,-3.9761465,1.1685064,-8.149445
420322055,420321358,0.1352626,-0.13097513,-10.756446
420371516,420370812,2.1451402,0.18391313,-8.455153
420421034,420420281,-0.13533077,0.7051876,-10.37635
420470537,420469744,-2.1518984,0.083343856,-9.078221
420524516,420523708,1.2542149,0.09193139,-9.616242
420573944,420573174,0.6100541,-0.390841,-9.882407
420623554,420622644,-1.734816,0.363088,-9.38475
420672826,420672109,0.96410644,-0.18344775,-9.664298
420722269,420721573,0.14989144,0.07880726,-9.961296
420771740,420771047,-0.9472537,0.021489473,-9.7399
420821267,420820506,0.5428426,-0.16966271,-9.709618
420870728,420869972,-0.18908778,0.24000753,-9.872083
420920193,420919439,-0.3080653,-0.2682432,-9.871549
420974217,420973445,0.07341914,0.143077,-9.828351
421019128,421018379,-0.2813179,0.06154155,-9.831806
421068565,421067838,0.06798914,-0.029150361,-9.804018
421122461,421121798,-0.20114803,-0.0064659314,-9.763121
421171986,421171268,0.00497841,0.0064568105,-9.834835
421221452,421220734,-0.17026533,0.07811382,-9.859533
421275430,421274697,-0.077706695,-0.12453781,-9.753497
421320392,421319667,0.0785998,0.03392256,-9.783711
421369926,421369134,-0.25979078,0.07831316,-9.796028
421419311,421418613,-0.038099613,-0.045685675,-9.827165
421473305,421472577,-0.059970737,-0.016905537,-9.768088
421522849,421522035,-0.1591598,0.07843521,-9.791365
421572263,421571528,-0.04749243,-0.019658575,-9.8669615
421621699,421620962,-0.12185765,-0.0848675,-9.772533
421671199,421670439,-0.08643281,0.122284584,-9.73651
421720678,421719895,-0.081720375,0.0433934,-9.802785
421770095,421769362,-0.15809736,-0.066552214,-9.770777
421824117,421823325,-0.060636006,0.08408917,-9.906426
421873534,421872798,-0.10402997,0.07756402,-9.821748
421923025,421922258,-0.07821348,-0.07891758,-9.836283
421972472,421971725,-0.11049172,-0.021637727,-9.793182
422021911,422021191,-0.12549682,0.0798786,-9.819085
422071389,422070672,-0.051598907,-0.08971909,-9.672762
422120855,422120127,-0.11492863,-0.02282326,-9.838847
422174846,422174087,-0.046482425,0.011975702,-9.733023
422224403,422223555,-0.097926185,-0.018055977,-9.82033
422269266,422268523,-0.119633175,-0.030688208,-9.849163
422318785,422317994,-0.10400646,0.068756536,-9.83138
422372704,422371953,-0.07050138,0.008745226,-9.834226
422422103,422421420,-0.0700782,-0.06190937,-9.857505
422471584,422470886,-0.09538578,0.04312591,-9.788006
422521061,422520353,-0.108571716,0.040938474,-9.807354
422570587,422569819,-0.10898594,-0.043854926,-9.791209
422620004,422619286,-0.09973241,0.08409721,-9.821583
422673996,422673260,-0.10200593,0.035785887,-9.85149
422723582,422722752,-0.06785808,-0.03582803,-9.827238
422772871,422772182,-0.08669304,0.017219659,-9.806809
422822345,422821649,-0.11755249,0.032305457,-9.825076
422871893,422871115,-0.08016356,-0.011861748,-9.809349
422921313,422920582,-0.11178198,-0.0035252392,-9.8481865
422970807,422970072,-0.094498105,0.050264787,-9.82736
423020231,423019515,-0.09411103,0.0040390254,-9.808813
423074258,423073478,-0.1000719,-0.020922191,-9.819211
423119159,423118448,-0.07192076,0.06452136,-9.809164
423173214,423172426,-0.10361234,-0.0026292794,-9.808848
423222654,423221878,-0.08076686,-0.0214839,-9.80442
423272054,423271344,-0.11699751,0.06977962,-9.819162
423321582,423320810,-0.08426101,0.024965568,-9.802214
423371005,423370277,-0.09269763,-0.01968291,-9.813174
423420666,423419743,-0.083609045,0.029870557,-9.822884
423469934,423469210,-0.1081386,0.02646437,-9.81482
423519370,423518690,-0.108186975,-0.027242174,-9.799409
423573463,423572647,-0.083919816,0.003643751,-9.850814
423622873,423622114,-0.11958069,0.030114222,-9.780969
423672448,423671573,-0.09042168,-0.013947806,-9.818498
423721762,423721039,-0.10349872,0.015361862,-9.789443
423771216,423770506,-0.10542191,0.030227756,-9.804177
423820844,423819980,-0.093369186,-0.011073167,-9.793629
423870139,423869455,-0.06610141,-0.012650036,-9.822933
423924364,423923409,-0.09722686,0.033746157,-9.8170805
423973596,423972869,-0.10478697,0.0051248637,-9.800583
424018595,424017839,-0.079889275,-0.020976553,-9.814765
424072621,424071802,-0.09911332,0.027244473,-9.818039
424121993,424121276,-0.08955597,0.016881663,-9.818943
424171440,424170735,-0.10186617,-0.024067337,-9.822187
424220901,424220210,-0.096125804,0.015784184,-9.810719
424274891,424274166,-0.08438368,0.021305485,-9.791004
424319867,424319140,-0.08779418,0.0034898657,-9.795089
424369403,424368613,-0.09286034,0.015784642,-9.797493
424418839,424418073,-0.119666725,0.03235407,-9.800044
424472737,424472037,-0.053028792,-0.006020167,-9.8167515
424522243,424521503,-0.08240735,0.008364391,-9.793786
424571782,424570980,-0.07310365,0.020758595,-9.814339
424621231,424620447,-0.09431246,-0.024959657,-9.800388
424670679,424669903,-0.07692878,-0.01142251,-9.812965
424720106,424719368,-0.07619769,0.0132247675,-9.789847
424774200,424773368,-0.09029444,0.010870013,-9.79126
424823624,424822799,-0.08634863,-0.004756433,-9.794516
424872955,424872262,-0.08171188,0.026504708,-9.7897
424922679,424921740,-0.0803686,-0.0025475153,-9.830665
424971941,424971207,-0.10297283,-0.04863386,-9.818383
425021440,425020696,-0.08909208,0.007081197,-9.803658
425070888,425070133,-0.10044932,0.0067129643,-9.82859
425120386,425119602,-0.07884168,-0.008141852,-9.799511
425174582,425173562,-0.09417152,0.029647797,-9.783292
425219261,425218567,-0.075125664,0.013174958,-9.783535
425268821,425267999,-0.08970282,0.0018726686,-9.81156
