timestamp,timestamp_sample,vibe[0],vibe[1],vibe[2],output_tracking_error[0],output_tracking_error[1],output_tracking_error[2],control_mode_flags,filter_fault_flags,pos_horiz_accuracy,pos_vert_accuracy,mag_test_ratio,vel_test_ratio,pos_test_ratio,hgt_test_ratio,tas_test_ratio,hagl_test_ratio,beta_test_ratio,time_slip,accel_device_id,gyro_device_id,baro_device_id,mag_device_id,gps_check_fail_flags,innovation_check_flags,solution_status_flags,reset_count_vel_ne,reset_count_vel_d,reset_count_pos_ne,reset_count_pod_d,reset_count_quat,pre_flt_fail_innov_heading,pre_flt_fail_innov_vel_horiz,pre_flt_fail_innov_vel_vert,pre_flt_fail_innov_height,pre_flt_fail_mag_field_disturbed,health_flags,timeout_flags
368082923,368080459,1.1397067e-08,7.346634e-05,0.0026770923,0.00017310245,0.005077835,0.011429669,1049111,0,0.38941008,0.39631632,0.016266337,0.02313243,0.012951897,1.1754944e-38,0.0,0.0,0.0,0.0,2162698,2162698,3997706,73225,0,0,895,2,1,2,0,3,0,0,0,0,0,0,0
368271277,368269317,1.8437701e-08,0.000114217095,0.0043969676,0.000168133,0.00851911,0.02229214,1049111,0,0.38845548,0.3945191,0.022475999,0.07677832,0.014023857,1.1754944e-38,0.0,0.0,0.0,0.0,2162698,2162698,3997706,73225,0,0,895,2,1,2,0,3,0,0,0,0,0,0,0
368469577,368467184,1.3962665e-08,0.00010240477,0.004031464,0.00022011306,0.01670759,0.044123933,1049111,0,0.38828808,0.39591786,0.0016804577,0.1126411,0.017002264,1.1754944e-38,0.0,0.0,0.0,0.0,2162698,2162698,3997706,73225,0,0,895,2,1,2,0,3,0,0,0,0,0,0,0
368671341,368669521,1.1558193e-08,0.000105310304,0.003688759,0.00011645139,0.017432421,0.0480282,1049111,0,0.38813043,0.3947944,0.00030286735,0.096293464,0.017058143,1.1754944e-38,0.0,0.0,0.0,0.0,2162698,2162698,3997706,73225,0,0,895,2,1,2,0,3,0,0,0,0,0,0,0
368869201,368867379,9.380798e-09,0.00010675278,0.0035827036,0.0002390424,0.016842034,0.046305537,1049111,0,0.38862374,0.3966137,0.0022613113,0.085846566,0.01760201,1.1754944e-38,0.0,0.0,0.0,0.0,2162698,2162698,3997706,73225,0,0,895,2,1,2,0,3,0,0,0,0,0,0,0
369072049,369069723,7.48519e-09,9.695225e-05,0.003461972,0.00010269256,0.015447881,0.044168923,1049111,0,0.38844433,0.39548445,0.00059925456,0.09297882,0.017760962,1.1754944e-38,0.0,0.0,0.0,0.0,2162698,2162698,3997706,73225,0,0,895,2,1,2,0,3,0,0,0,0,0,0,0
369269387,369267577,6.359477e-09,9.338993e-05,0.0033378876,0.00017612433,0.015688295,0.044161122,1049111,0,0.38828003,0.39435434,0.033103622,0.09668001,0.019763758,1.1754944e-38,0.0,0.0,0.0,0.0,2162698,2162698,3997706,73225,0,0,895,2,1,2,0,3,0,0,0,0,0,0,0
369471522,369469927,5.666602e-09,9.6208016e-05,0.0032414566,0.00011539091,0.012478551,0.035902835,1049111,0,0.38811043,0.39574608,0.0023601598,0.07849243,0.016136555,1.1754944e-38,0.0,0.0,0.0,0.0,2162698,2162698,3997706,73225,0,0,895,2,1,2,0,3,0,0,0,0,0,0,0
369670134,369667781,5.141833e-09,9.740634e-05,0.0032290558,0.00014242339,0.009806213,0.029071633,1049111,0,0.38811752,0.3947108,0.008288898,0.0718467,0.017475173,1.1754944e-38,0.0,0.0,0.0,0.0,2162698,2162698,3997706,73225,0,0,895,2,1,2,0,3,0,0,0,0,0,0,0
369872366,369870131,5.029202e-09,0.00010083778,0.0035408102,0.00014786894,0.0088171065,0.023264555,1049111,0,0.38794938,0.39610863,0.0009730927,0.061729062,0.01798029,1.1754944e-38,0.0,0.0,0.0,0.0,2162698,2162698,3997706,73225,0,0,895,2,1,2,0,3,0,0,0,0,0,0,0
370069777,370067986,5.4967524e-09,0.00011888384,0.003705645,9.3986666e-05,0.0044373805,0.013533937,1049111,0,0.38857314,0.3955062,0.0009505222,0.043396994,0.01870233,1.1754944e-38,0.0,0.0,0.0,0.0,2162698,2162698,3997706,73225,0,0,895,2,1,2,0,3,0,0,0,0,0,0,0
370272079,370270344,4.56486e-09,0.00010777635,0.003717885,4.9373517e-05,0.006236933,0.015805569,1049111,0,0.38844505,0.39690617,0.036310066,0.06526154,0.019440472,1.1754944e-38,0.0,0.0,0.0,0.0,2162698,2162698,3997706,73225,0,0,895,2,1,2,0,3,0,0,0,0,0,0,0
370470623,370468189,4.6371085e-09,0.000113038,0.0036896488,0.00032793562,0.003682889,0.010916071,1049111,0,0.38846612,0.3958997,0.028685953,0.0515557,0.019371392,1.1754944e-38,0.0,0.0,0.0,0.0,2162698,2162698,3997706,73225,0,0,895,2,1,2,0,3,0,0,0,0,0,0,0
370672409,370670539,4.7629434e-09,0.000109742985,0.0035871286,0.0002820765,0.0029299066,0.0071183234,1049111,0,0.38820904,0.39474514,0.0031064295,0.04169466,0.020125773,1.1754944e-38,0.0,0.0,0.0,0.0,2162698,2162698,3997706,73225,0,0,895,2,1,2,0,3,0,0,0,0,0,0,0
370870684,370868395,4.8197273e-09,0.00010222204,0.0033020023,0.00019410255,0.007856999,0.012612257,1049111,0,0.38801157,0.39614403,0.0072774026,0.034006022,0.020999787,1.1754944e-38,0.0,0.0,0.0,0.0,2162698,2162698,3997706,73225,0,0,895,2,1,2,0,3,0,0,0,0,0,0,0
371073361,371070743,4.8120006e-09,0.00010070075,0.0035352397,0.00029572437,0.012981639,0.02483487,1049111,0,0.38782036,0.3949899,0.002892714,0.050528653,0.02413947,1.1754944e-38,0.0,0.0,0.0,0.0,2162698,2162698,3997706,73225,0,0,895,2,1,2,0,3,0,0,0,0,0,0,0
371270269,371268597,4.433583e-09,0.0001010589,0.0033560342,0.000113388305,0.009330143,0.021680262,1049111,0,0.38763067,0.39638734,0.00091938145,0.016028529,0.024880765,1.1754944e-38,0.0,0.0,0.0,0.0,2162698,2162698,3997706,73225,0,0,895,2,1,2,0,3,0,0,0,0,0,0,0
371468240,371466473,4.1722608e-09,0.00010342352,0.003416636,0.00024666445,0.0038828072,0.009748408,1049111,0,0.38744467,0.39524415,0.029609976,0.028283825,0.025552748,1.1754944e-38,0.0,0.0,0.0,0.0,2162698,2162698,3997706,73225,0,0,895,2,1,2,0,3,0,0,0,0,0,0,0
371671186,371668819,4.70905e-09,0.000104150145,0.0033333164,0.00034447122,0.0037971276,0.0084159905,1049111,0,0.38725248,0.39664015,0.024978792,0.04512389,0.026412884,1.1754944e-38,0.0,0.0,0.0,0.0,2162698,2162698,3997706,73225,0,0,895,2,1,2,0,3,0,0,0,0,0,0,0
371873395,371871167,6.641025e-09,0.0001181151,0.0035523819,0.00010649551,0.0023539825,0.0049005277,1049111,0,0.38705772,0.39550805,0.00542332,0.030723557,0.024265347,1.1754944e-38,0.0,0.0,0.0,0.0,2162698,2162698,3997706,73225,0,0,895,2,1,2,0,3,0,0,0,0,0,0,0
372070777,372069005,9.102941e-09,0.0001280657,0.0038931607,0.00018542641,0.0059494865,0.012987472,1049111,0,0.38686806,0.39691123,0.0015814621,0.024865268,0.025597846,1.1754944e-38,0.0,0.0,0.0,0.0,2162698,2162698,3997706,73225,0,0,895,2,1,2,0,3,0,0,0,0,0,0,0
372269075,372266860,1.0050682e-08,0.00012877982,0.0038687761,0.00010151476,0.0054826476,0.012800093,1049111,0,0.38670692,0.39578137,0.005451373,0.012238469,0.026463836,1.1754944e-38,0.0,0.0,0.0,0.0,2162698,2162698,3997706,73225,0,0,895,2,1,2,0,3,0,0,0,0,0,0,0
372471183,372469210,1.09238245e-08,0.00012973518,0.0038031864,0.00021327575,0.004499382,0.009082368,1049111,0,0.3868261,0.39484498,0.0050883624,0.039186645,0.025859265,1.1754944e-38,0.0,0.0,0.0,0.0,2162698,2162698,3997706,73225,0,0,895,2,1,2,0,3,0,0,0,0,0,0,0
372668829,372667071,1.32063e-08,0.00015743116,0.0044437177,0.00018645398,0.0070642116,0.015124857,1049111,0,0.3866414,0.3962458,0.0022003672,0.06627799,0.026109941,1.1754944e-38,0.0,0.0,0.0,0.0,2162698,2162698,3997706,73225,0,0,895,2,1,2,0,3,0,0,0,0,0,0,0
372871319,372869414,1.1881237e-08,0.00015063836,0.004493503,0.00019811044,0.008974642,0.01964429,1049111,0,0.3864583,0.39511716,0.0033177026,0.066404186,0.026011514,1.1754944e-38,0.0,0.0,0.0,0.0,2162698,2162698,3997706,73225,0,0,895,2,1,2,0,3,0,0,0,0,0,0,0
373073528,373071765,9.18648e-09,0.00013282009,0.004084388,9.151124e-05,0.007106029,0.018444194,1049111,0,0.3862642,0.3965166,0.0034423093,0.061203677,0.026530713,1.1754944e-38,0.0,0.0,0.0,0.0,2162698,2162698,3997706,73225,0,0,895,2,1,2,0,3,0,0,0,0,0,0,0
373271453,373269619,8.617154e-09,0.00012815632,0.0040958943,0.00020845463,0.008357747,0.017939456,1049111,0,0.3860701,0.3953984,0.0020974344,0.055115804,0.024090456,1.1754944e-38,0.0,0.0,0.0,0.0,2162698,2162698,3997706,73225,0,0,895,2,1,2,0,3,0,0,0,0,0,0,0
373469930,373467473,9.8853405e-09,0.0001305679,0.0041526076,0.00012334314,0.0059861485,0.014023075,1049111,0,0.38587713,0.39427876,0.0024429567,0.06256391,0.024973175,0.0058290088,0.0,0.0,0.0,0.0,2162698,2162698,3997706,73225,0,0,895,2,1,2,0,3,0,0,0,0,0,0,0
373671512,373669838,1.0183421e-08,0.00013313515,0.0042066225,0.00012648314,0.0055671437,0.011677024,1049111,0,0.3856815,0.39567956,0.0029052033,0.050543558,0.02454758,0.0017553213,0.0,0.0,0.0,0.0,2162698,2162698,3997706,73225,0,0,895,2,1,2,0,3,0,0,0,0,0,0,0
373869301,373867681,8.0527585e-09,0.000117574666,0.004098447,0.00019889105,0.0044586803,0.0056851534,1049111,0,0.3854909,0.39456218,0.0016090139,0.046098273,0.023044216,0.0031813895,0.0,0.0,0.0,0.0,2162698,2162698,3997706,73225,0,0,895,2,1,2,0,3,0,0,0,0,0,0,0
374072244,374070029,8.0977545e-09,0.000113028254,0.0039164005,0.00013965134,0.006844517,0.013423748,1049111,0,0.3853564,0.39597765,0.00025837493,0.028789196,0.026841717,1.1754944e-38,0.0,0.0,0.0,0.0,2162698,2162698,3997706,73225,0,0,895,2,1,2,0,3,0,0,0,0,0,0,0
374274342,374272388,8.651546e-09,0.00011289541,0.0037170956,9.4131545e-05,0.0038445944,0.011719774,1049111,0,0.38576904,0.39526406,0.0018334707,0.023194814,0.024028009,0.0034174032,0.0,0.0,0.0,0.0,2162698,2162698,3997706,73225,0,0,895,2,1,2,0,3,0,0,0,0,0,0,0
374467595,374465762,9.857981e-09,0.0001163643,0.003574901,0.0001570507,0.003541237,0.011255508,1049111,0,0.3855579,0.39667013,0.032868262,0.019706294,0.024644695,0.008266825,0.0,0.0,0.0,0.0,2162698,2162698,3997706,73225,0,0,895,2,1,2,0,3,0,0,0,0,0,0,0
374670463,374668088,9.924071e-09,0.0001163246,0.0037076718,0.00035779,0.0029048,0.009552889,1049111,0,0.3853499,0.39554697,0.037921354,0.023227528,0.02373509,0.0075388276,0.0,0.0,0.0,0.0,2162698,2162698,3997706,73225,0,0,895,2,1,2,0,3,0,0,0,0,0,0,0
374872843,374870453,8.879551e-09,0.00010852226,0.0034986995,0.00024839037,0.0060497224,0.016335865,1049111,0,0.38514885,0.39443055,0.0012165033,0.03157063,0.024152353,1.1754944e-38,0.0,0.0,0.0,0.0,2162698,2162698,3997706,73225,0,0,895,2,1,2,0,3,0,0,0,0,0,0,0
375070076,375068299,1.0349904e-08,0.00011423461,0.003830155,0.00022985459,0.013065138,0.029271405,1049111,0,0.38494664,0.39583677,0.00027881734,0.05612878,0.025630852,0.0015304836,0.0,0.0,0.0,0.0,2162698,2162698,3997706,73225,0,0,895,2,1,2,0,3,0,0,0,0,0,0,0
375272439,375270644,1.2324758e-08,0.00013186906,0.0044784383,0.00028082094,0.016592601,0.037320558,1049111,0,0.3847611,0.394713,0.0022384983,0.07179885,0.02702382,1.1754944e-38,0.0,0.0,0.0,0.0,2162698,2162698,3997706,73225,0,0,895,2,1,2,0,3,0,0,0,0,0,0,0
375470944,375468513,1.841362e-08,0.00017319855,0.0061460985,4.609173e-05,0.011102701,0.028015818,1049239,0,0.38455874,0.39611763,0.039368846,0.034861267,0.028428704,1.1754944e-38,0.0,0.0,0.0,0.0,2162698,2162698,3997706,73225,0,0,895,2,1,2,0,3,0,0,0,0,0,0,0
375668160,375666406,1.6698502e-08,0.00017655978,0.006410178,0.00035435977,0.0085763605,0.01833264,1049239,0,0.38435373,0.39500383,0.03006627,0.022481017,0.029048506,1.1754944e-38,0.0,0.0,0.0,0.0,2162698,2162698,3997706,73225,0,0,895,2,1,2,0,3,0,0,0,0,0,0,0
375871120,375868732,2.0076762e-08,0.00018578187,0.00966274,0.00039911203,0.008466823,0.015036886,1049239,0,0.38417023,0.39641526,0.028855128,0.009417297,0.028527778,1.1754944e-38,0.0,0.0,0.0,0.0,2162698,2162698,3997706,73225,0,0,895,2,1,2,0,3,0,0,0,0,0,0,0
376068949,376066559,3.061683e-08,0.00020801592,0.012900042,0.000120722834,0.0064521884,0.013233832,1049239,0,0.3840069,0.3953023,0.010182011,0.030347412,0.028313816,1.1754944e-38,0.0,0.0,0.0,0.0,2162698,2162698,3997706,73225,0,0,895,2,1,2,0,3,0,0,0,0,0,0,0
376270781,376268910,4.2684228e-08,0.00027008992,0.015870841,0.000120139724,0.012784388,0.012234115,1049239,0,0.38385934,0.3941962,0.008691978,0.031334657,0.029708875,1.1754944e-38,0.0,0.0,0.0,0.0,2162698,2162698,3997706,73225,0,0,895,2,1,2,0,3,0,0,0,0,0,0,0
376468557,376466765,6.1231376e-08,0.00029278162,0.01599666,0.00013259803,0.01726567,0.020040136,1049239,0,0.38373405,0.3956167,0.0030375114,0.08206105,0.03231665,0.010891939,0.0,0.0,0.0,0.0,2162698,2162698,3997706,73225,0,0,895,2,1,2,0,3,0,0,0,0,0,0,0
376671001,376669116,7.642163e-08,0.00032945193,0.016741851,0.00018185843,0.014995587,0.016442042,1049239,0,0.38366157,0.39450288,0.0036864972,0.01957396,0.030102897,0.01389478,0.0,0.0,0.0,0.0,2162698,2162698,3997706,73225,0,0,895,2,1,2,0,3,0,0,0,0,0,0,0
376873358,376871468,7.364798e-08,0.0003259506,0.015937986,0.00012654325,0.038297582,0.030087296,663,0,0.383622,0.39592177,0.007469682,0.09883781,0.030188197,0.0049519627,0.0,0.0,0.0,0.0,2162698,2162698,3997706,73225,0,0,895,2,1,2,0,3,0,0,0,0,0,0,0
377071005,377069323,6.3059026e-08,0.00031546783,0.017203115,4.0682717e-05,0.020292182,0.022796419,663,0,0.38367105,0.3948245,0.009766135,0.022931151,0.027826736,0.023815248,0.0,0.0,0.0,0.0,2162698,2162698,3997706,73225,0,0,895,2,1,2,0,3,0,0,0,0,0,0,0
377269459,377267177,5.0629556e-08,0.00029474514,0.015255189,3.0826475e-05,0.021297531,0.031249793,663,0,0.3836436,0.39625022,0.0020657012,0.07384801,0.025814254,0.00497411,0.0,0.0,0.0,0.0,2162698,2162698,3997706,73225,0,0,895,2,1,2,0,3,0,0,0,0,0,0,0
377471363,377469529,6.047428e-08,0.00031888956,0.017825836,2.8908571e-05,0.02866086,0.040630706,663,0,0.38363352,0.39514604,0.009559596,0.11494647,0.029446261,0.037543442,0.0,0.0,0.0,0.0,2162698,2162698,3997706,73225,0,0,895,2,1,2,0,3,0,0,0,0,0,0,0
377673796,377671886,6.292127e-08,0.0003423096,0.016958345,0.00018008472,0.013846375,0.039188698,663,0,0.38363114,0.3940402,0.013702856,0.076487675,0.025851011,0.013389584,0.0,0.0,0.0,0.0,2162698,2162698,3997706,73225,0,0,895,2,1,2,0,3,0,0,0,0,0,0,0
377872055,377869742,5.1172407e-08,0.00030861964,0.01593877,7.602065e-05,0.0405627,0.052146204,663,0,0.38430902,0.39584517,0.0029148946,0.13560507,0.029423086,0.007434518,0.0,0.0,0.0,0.0,2162698,2162698,3997706,73225,0,0,895,2,1,2,0,3,0,0,0,0,0,0,0
378069944,378067590,6.345155e-08,0.00030979756,0.017767143,5.8349247e-05,0.015809922,0.039388936,663,0,0.38441378,0.39476815,0.0064461003,0.079073854,0.026402663,0.009884594,0.0,0.0,0.0,0.0,2162698,2162698,3997706,73225,0,0,895,2,1,2,0,3,0,0,0,0,0,0,0
378271640,378269943,5.9215434e-08,0.00030657396,0.01601926,4.8476937e-05,0.03185223,0.047102556,663,0,0.38710052,0.3975434,0.011016964,0.1196925,0.033578362,0.010101814,0.0,0.0,0.0,0.0,2162698,2162698,3997706,73225,0,0,895,2,1,2,0,3,0,0,0,0,0,0,0
378469625,378467798,7.043388e-08,0.00034522725,0.01705663,6.348398e-05,0.019432707,0.036304355,663,0,0.38688338,0.39637923,0.008867719,0.1121425,0.026054783,0.007455023,0.0,0.0,0.0,0.0,2162698,2162698,3997706,73225,0,0,895,2,1,2,0,3,0,0,0,0,0,0,0
378672497,378670156,6.533221e-08,0.00034915475,0.016328435,0.00022525052,0.021197712,0.033366375,663,0,0.3882865,0.39859104,0.03790448,0.08487123,0.034173954,0.020500554,0.0,0.0,0.0,0.0,2162698,2162698,3997706,73225,0,0,895,2,1,2,0,3,0,0,0,0,0,0,0
378869796,378868004,6.253015e-08,0.0003633242,0.015673254,0.0003834336,0.013419624,0.034454282,663,0,0.38799435,0.3973895,0.035463527,0.11036803,0.030460611,0.00594966,0.0,0.0,0.0,0.0,2162698,2162698,3997706,73225,0,0,895,2,1,2,0,3,0,0,0,0,0,0,0
379072729,379070357,5.2241266e-08,0.00032576258,0.015568391,0.002472894,0.026246658,0.04389733,8389271,0,0.38774148,0.39619526,0.0027784216,0.11288084,0.03214424,0.0062678712,0.0,0.0,0.0,0.0,2162698,2162698,3997706,73225,0,0,895,2,1,2,0,4,0,0,0,0,0,0,0
379270457,379268212,4.8966896e-08,0.00032139092,0.01482394,0.0044304365,0.023260368,0.047378898,8389271,0,0.38757718,0.39755762,0.012068874,0.15482508,0.03353712,0.0023409165,0.0,0.0,0.0,0.0,2162698,2162698,3997706,73225,0,0,895,2,1,2,0,4,0,0,0,0,0,0,0
379472433,379470567,5.6900944e-08,0.00034937987,0.015586284,0.0037343858,0.019108301,0.03560678,8389271,0,0.387415,0.3963648,0.0015852217,0.1109929,0.028931778,0.011787432,0.0,0.0,0.0,0.0,2162698,2162698,3997706,73225,0,0,895,2,1,2,0,4,0,0,0,0,0,0,0
379670110,379668420,5.057052e-08,0.00032760022,0.015716994,0.00044363426,0.015725004,0.027590323,8389271,0,0.38720942,0.3977161,0.009986586,0.04976926,0.031720683,0.009928483,0.0,0.0,0.0,0.0,2162698,2162698,3997706,73225,0,0,895,2,1,2,0,4,0,0,0,0,0,0,0
379868582,379866293,4.958164e-08,0.00032265446,0.015895702,0.0018822758,0.016341995,0.025265824,8389271,0,0.38709983,0.3965259,0.014983395,0.057916094,0.031718455,0.0076533817,0.0,0.0,0.0,0.0,2162698,2162698,3997706,73225,0,0,895,2,1,2,0,4,0,0,0,0,0,0,0
380070579,380068639,5.3621918e-08,0.00034214213,0.015732434,0.0017355277,0.026998663,0.038048483,8389271,0,0.38779265,0.3983597,0.013872539,0.09352868,0.03524336,0.022283232,0.0,0.0,0.0,0.0,2162698,2162698,3997706,73225,0,0,895,2,1,2,0,4,0,0,0,0,0,0,0
380268713,380266483,5.8021183e-08,0.0003459425,0.015315324,5.92744e-05,0.007204104,0.019185288,8389271,0,0.38794163,0.39729744,0.0024003675,0.10185954,0.030445632,0.011205404,0.0,0.0,0.0,0.0,2162698,2162698,3997706,73225,0,0,895,2,1,2,0,4,0,0,0,0,0,0,0
380470670,380468836,5.0440487e-08,0.00031844908,0.015132698,0.00082575635,0.010878318,0.015034622,8389271,0,0.3877468,0.396085,0.0013530222,0.064836234,0.034100823,0.012140742,0.0,0.0,0.0,0.0,2162698,2162698,3997706,73225,0,0,831,2,1,2,0,4,0,0,0,0,0,0,0
380668651,380666691,5.1879628e-08,0.00033172936,0.014876226,0.0006400283,0.027970184,0.031124385,8389271,0,0.38760966,0.39742726,0.015543506,0.1162707,0.029365694,0.028946012,0.0,0.0,0.0,0.0,2162698,2162698,3997706,73225,0,0,831,2,1,2,0,4,0,0,0,0,0,0,0
380870865,380869050,4.7744756e-08,0.0003176757,0.015443659,0.0006018388,0.029559627,0.0428685,8389271,0,0.3874737,0.39623576,0.007545198,0.05968133,0.03357098,0.0077061327,0.0,0.0,0.0,0.0,2162698,2162698,3997706,73225,0,0,831,2,1,2,0,4,0,0,0,0,0,0,0
381069344,381066900,5.6389027e-08,0.00032702563,0.015035636,0.0006488983,0.004846254,0.012893271,8389271,0,0.38732785,0.39757738,0.007859047,0.072638296,0.040147677,0.009423868,0.0,0.0,0.0,0.0,2162698,2162698,3997706,73225,0,0,831,2,1,2,0,4,0,0,0,0,0,0,0
381271604,381269253,4.98066e-08,0.00030871245,0.0158866,0.00074898754,0.010939915,0.023720168,8389271,0,0.38718578,0.3963915,0.008153549,0.044837233,0.040804267,0.03164419,0.0,0.0,0.0,0.0,2162698,2162698,3997706,73225,0,0,831,2,1,2,0,4,0,0,0,0,0,0,0
381469425,381467108,3.97264e-08,0.00027358741,0.014443964,0.00055522687,0.0056141093,0.012940235,8389271,0,0.3870366,0.3952066,0.005620589,0.103241965,0.046739705,0.0072895056,0.0,0.0,0.0,0.0,2162698,2162698,3997706,73225,0,0,831,2,1,2,0,4,0,0,0,0,0,0,0
381671729,381669461,4.9879198e-08,0.00030599843,0.01636566,0.0003987405,0.030035473,0.045401968,8389271,0,0.38690895,0.39656958,0.027158163,0.20107071,0.05021845,0.018059105,0.0,0.0,0.0,0.0,2162698,2162698,3997706,73225,0,0,831,2,1,2,0,4,0,0,0,0,0,0,0
381874071,381871821,6.082297e-08,0.0003175278,0.015117628,0.00015283778,0.02116636,0.05330496,8389271,0,0.38677222,0.39539838,0.0048106574,0.18267421,0.053116783,0.0027957694,0.0,0.0,0.0,0.0,2162698,2162698,3997706,73225,0,0,831,2,1,2,0,4,0,0,0,0,0,0,0
382071637,382069670,5.280248e-08,0.00031608556,0.016696593,0.00064853294,0.019381631,0.036583386,8389271,0,0.38664263,0.39676148,0.0077341152,0.14043552,0.048138004,0.01114798,0.0,0.0,0.0,0.0,2162698,2162698,3997706,73225,0,0,831,2,1,2,0,4,0,0,0,0,0,0,0
382269322,382267526,5.6023605e-08,0.00032631806,0.01597432,0.00059761875,0.014587456,0.031079091,8389271,0,0.38652027,0.39558718,0.005584067,0.13645078,0.04969719,0.002196229,0.0,0.0,0.0,0.0,2162698,2162698,3997706,73225,0,0,831,2,1,2,0,4,0,0,0,0,0,0,0
382472153,382469934,4.9435435e-08,0.00031027728,0.015561968,0.0003535286,0.010308032,0.016016528,8389271,0,0.38640466,0.39695996,0.0029105581,0.11573124,0.047266275,0.01345662,0.0,0.0,0.0,0.0,2162698,2162698,3997706,73225,0,0,831,2,1,2,0,4,0,0,0,0,0,0,0
382669464,382667736,4.494361e-08,0.000301049,0.016928162,0.0005294029,0.024479847,0.029697249,8389271,0,0.38628086,0.39579996,0.0055260775,0.12076347,0.037084382,0.022258917,0.0,0.0,0.0,0.0,2162698,2162698,3997706,73225,0,0,831,2,1,2,0,4,0,0,0,0,0,0,0
382872024,382870090,4.259832e-08,0.00030802333,0.01601336,0.00079445983,0.015653605,0.039274216,8389271,0,0.38617566,0.39464098,0.026937775,0.09498075,0.046348687,0.005464631,0.0,0.0,0.0,0.0,2162698,2162698,3997706,73225,0,0,831,2,1,2,0,4,0,0,0,0,0,0,0
383070221,383067945,5.1210666e-08,0.00033584784,0.016254382,0.00069724873,0.025265979,0.05788688,8389271,0,0.38609228,0.3960277,0.00803696,0.1266831,0.037095103,0.0028863705,0.0,0.0,0.0,0.0,2162698,2162698,3997706,73225,0,0,831,2,1,2,0,4,0,0,0,0,0,0,0
383272603,383270299,4.8323002e-08,0.00032338817,0.014463508,0.00039557662,0.015908496,0.038046062,8389271,0,0.38614336,0.39493895,0.00853817,0.06545434,0.045349322,0.0011609503,0.0,0.0,0.0,0.0,2162698,2162698,3997706,73225,0,0,831,2,1,2,0,4,0,0,0,0,0,0,0
383469847,383468159,5.4025243e-08,0.00034085911,0.01616174,0.00048217762,0.012970537,0.030191654,8389271,0,0.38628042,0.39645973,0.008785729,0.050622087,0.04259753,0.016669428,0.0,0.0,0.0,0.0,2162698,2162698,3997706,73225,0,0,831,2,1,2,0,4,0,0,0,0,0,0,0
383672439,383670509,4.73594e-08,0.00032527454,0.014980161,0.00061614776,0.023047952,0.043444898,8389271,0,0.3862399,0.39530188,0.005662667,0.09680211,0.039749928,0.019009903,0.0,0.0,0.0,0.0,2162698,2162698,3997706,73225,0,0,831,2,1,2,0,4,0,0,0,0,0,0,0
383870643,383868366,4.9892655e-08,0.00032518507,0.01663625,0.0005321194,0.01659947,0.046002083,8389271,0,0.38615823,0.3966938,0.022435065,0.042881995,0.048570294,0.036496148,0.0,0.0,0.0,0.0,2162698,2162698,3997706,73225,0,0,831,2,1,2,0,4,0,0,0,0,0,0,0
384072919,384070719,4.614047e-08,0.00031026226,0.01650032,0.000539927,0.012496907,0.03903171,8389271,0,0.3860507,0.3955491,0.015825279,0.049597114,0.053993903,0.031054178,0.0,0.0,0.0,0.0,2162698,2162698,3997706,73225,0,0,831,2,1,2,0,4,0,0,0,0,0,0,0
384271050,384268584,5.572829e-08,0.00033380758,0.017355526,0.00022500394,0.007537335,0.021282459,8389271,0,0.38594633,0.39441323,0.0024882704,0.093636796,0.053598925,0.019010907,0.0,0.0,0.0,0.0,2162698,2162698,3997706,73225,0,0,831,2,1,2,0,4,0,0,0,0,0,0,0
384473326,384470934,4.567679e-08,0.0003177458,0.015361527,0.00039606227,0.006041354,0.01009827,8389271,0,0.38587287,0.3958385,0.008053422,0.08921176,0.052269734,0.018769972,0.0,0.0,0.0,0.0,2162698,2162698,3997706,73225,0,0,831,2,1,2,0,4,0,0,0,0,0,0,0
384671108,384668787,4.9822688e-08,0.00032316477,0.017452084,0.00020297278,0.012081201,0.02357971,8389271,0,0.38691923,0.39544255,0.0014218014,0.08465528,0.05561102,0.016521683,0.0,0.0,0.0,0.0,2162698,2162698,3997706,73225,0,0,831,2,1,2,0,4,0,0,0,0,0,0,0
384868888,384866644,5.3323394e-08,0.00034301888,0.016853163,0.00055304077,0.014074414,0.025004307,8389271,0,0.38675463,0.3968294,0.00736883,0.12234728,0.04542608,0.029055495,0.0,0.0,0.0,0.0,2162698,2162698,3997706,73225,0,0,831,2,1,2,0,4,0,0,0,0,0,0,0
385071388,385069005,4.4718654e-08,0.00032142107,0.014488362,0.00019973402,0.009049008,0.027507223,8389271,0,0.3865535,0.39566743,0.00045613246,0.04117456,0.060159035,0.026178377,0.0,0.0,0.0,0.0,2162698,2162698,3997706,73225,0,0,831,2,1,2,0,4,0,0,0,0,0,0,0
385268642,385266854,4.673469e-08,0.0003197994,0.01732491,0.00064932165,0.01724153,0.03244957,8389271,0,0.38634825,0.39705342,0.0028870648,0.1574188,0.05223495,0.0052321693,0.0,0.0,0.0,0.0,2162698,2162698,3997706,73225,0,0,831,2,1,2,0,4,0,0,0,0,0,0,0
385470969,385469208,4.7965585e-08,0.00033030662,0.016422238,0.00034165452,0.01254643,0.026141467,8389271,0,0.38608003,0.39589545,0.0005681619,0.065692164,0.06292219,0.027538093,0.0,0.0,0.0,0.0,2162698,2162698,3997706,73225,0,0,831,2,1,2,0,4,0,0,0,0,0,0,0
385669586,385667092,3.6888274e-08,0.00027717234,0.0146900825,0.00039987927,0.011043635,0.029696904,8389271,0,0.38578188,0.39474607,0.010874245,0.06313132,0.064118996,0.023093458,0.0,0.0,0.0,0.0,2162698,2162698,3997706,73225,0,0,831,2,1,2,0,4,0,0,0,0,0,0,0
385871140,385869420,4.2753904e-08,0.00028130092,0.017854184,0.00029005637,0.017928459,0.03437347,8389271,0,0.38545662,0.39614365,0.0044315136,0.10789598,0.06595704,0.013357485,0.0,0.0,0.0,0.0,2162698,2162698,3997706,73225,0,0,831,2,1,2,0,4,0,0,0,0,0,0,0
386069118,386067277,5.8886346e-08,0.00032298174,0.016940664,0.00020084187,0.013142184,0.029364657,8389271,0,0.3850477,0.39500573,0.0044717514,0.07671649,0.07245332,0.018130712,0.0,0.0,0.0,0.0,2162698,2162698,3997706,73225,0,0,831,2,1,2,0,4,0,0,0,0,0,0,0
386271854,386269631,4.5105413e-08,0.0002840211,0.01591242,0.00038976932,0.015590162,0.03631226,8389271,0,0.38459063,0.39639413,0.0070433454,0.057853576,0.08005643,0.028944565,0.0,0.0,0.0,0.0,2162698,2162698,3997706,73225,0,0,831,2,1,2,0,4,0,0,0,0,0,0,0
386469360,386467489,4.4616762e-08,0.00028443395,0.018282857,0.0002812778,0.015280838,0.0378421,8389271,0,0.38413954,0.39525947,0.00060968765,0.034251712,0.07882881,0.0142934015,0.0,0.0,0.0,0.0,2162698,2162698,3997706,73225,0,0,831,2,1,2,0,4,0,0,0,0,0,0,0
386671693,386669843,5.2795244e-08,0.00032264704,0.017443761,0.0003294349,0.021326903,0.052137718,8389271,0,0.38359275,0.3966489,0.0042023235,0.0732674,0.08456593,0.023092797,0.0,0.0,0.0,0.0,2162698,2162698,3997706,73225,0,0,831,2,1,2,0,4,0,0,0,0,0,0,0
386869350,386867701,5.718959e-08,0.00033904423,0.01830858,0.00037345148,0.030444028,0.0771002,8389271,0,0.38309655,0.39551735,0.018795302,0.16497757,0.08413383,0.008424711,0.0,0.0,0.0,0.0,2162698,2162698,3997706,73225,0,0,831,2,1,2,0,4,0,0,0,0,0,0,0
387072602,387070063,5.1745506e-08,0.0003273273,0.016839208,0.00046482505,0.029147066,0.07990912,8389271,0,0.3825884,0.39439383,0.028931435,0.12939681,0.08362933,0.01907763,0.0,0.0,0.0,0.0,2162698,2162698,3997706,73225,0,0,831,2,1,2,0,4,0,0,0,0,0,0,0
387269688,387267913,4.799069e-08,0.0003218587,0.017149914,0.00028811654,0.016365578,0.042053297,8389271,0,0.38207975,0.3957933,0.00077541353,0.037521914,0.0851713,0.0042834533,0.0,0.0,0.0,0.0,2162698,2162698,3997706,73225,0,0,831,2,1,2,0,4,0,0,0,0,0,0,0
387467583,387465785,4.585125e-08,0.0003107443,0.016557815,0.0003512581,0.012260237,0.037233554,8389271,0,0.3815317,0.3946808,0.0010417489,0.043024182,0.08894265,0.03905374,0.0,0.0,0.0,0.0,2162698,2162698,3997706,73225,0,0,831,2,1,2,0,4,0,0,0,0,0,0,0
387670085,387668136,4.307244e-08,0.00029966902,0.01606202,0.00046548044,0.009762346,0.023937285,8389271,0,0.38095573,0.39607957,0.002778871,0.050472856,0.088084176,0.017739208,0.0,0.0,0.0,0.0,2162698,2162698,3997706,73225,0,0,831,2,1,2,0,4,0,0,0,0,0,0,0
387872186,387870483,3.865523e-08,0.00027046524,0.015565188,0.00041430935,0.016154232,0.037125185,8389271,0,0.3803956,0.39495295,0.023405297,0.13298261,0.085740514,0.004267357,0.0,0.0,0.0,0.0,2162698,2162698,3997706,73225,0,0,831,2,1,2,0,4,0,0,0,0,0,0,0
388070024,388068338,4.4358675e-08,0.00029937862,0.015473432,0.00041689313,0.015401493,0.043676615,8389271,0,0.37981117,0.3963518,0.02134125,0.1045898,0.08081878,0.002353568,0.0,0.0,0.0,0.0,2162698,2162698,3997706,73225,0,0,831,2,1,2,0,4,0,0,0,0,0,0,0
388272938,388270693,4.9696375e-08,0.0003268951,0.016254174,0.00019793786,0.0074290866,0.023482418,8389271,0,0.3792575,0.39523703,0.010651056,0.029160444,0.08315872,0.024260253,0.0,0.0,0.0,0.0,2162698,2162698,3997706,73225,0,0,831,2,1,2,0,4,0,0,0,0,0,0,0
388470939,388468563,4.4833655e-08,0.00031320445,0.014758545,0.00041625233,0.0076288516,0.016342964,8389271,0,0.378677,0.39412972,0.0010469311,0.05530758,0.0863127,0.037303496,0.0,0.0,0.0,0.0,2162698,2162698,3997706,73225,0,0,831,2,1,2,0,4,0,0,0,0,0,0,0
388668336,388666409,4.0870198e-08,0.00030183472,0.016365802,0.0004972348,0.011816164,0.026806721,8389271,0,0.37805706,0.39555672,0.0011165253,0.069653675,0.08844256,0.0018788306,0.0,0.0,0.0,0.0,2162698,2162698,3997706,73225,0,0,831,2,1,2,0,4,0,0,0,0,0,0,0
388870548,388868774,3.783819e-08,0.00029308887,0.015845546,0.00014573279,0.0026724571,0.01430499,8389271,0,0.37735778,0.3944434,0.022544712,0.023649927,0.09003174,0.004420346,0.0,0.0,0.0,0.0,2162698,2162698,3997706,73225,0,0,831,2,1,2,0,4,0,0,0,0,0,0,0
389073443,389071119,4.128086e-08,0.00031003507,0.016271029,0.00013720267,0.004326785,0.015747674,8389271,0,0.3766686,0.39586046,0.0049874466,0.024831431,0.09591504,0.043421052,0.0,0.0,0.0,0.0,2162698,2162698,3997706,73225,0,0,831,2,1,2,0,4,0,0,0,0,0,0,0
389270671,389268977,3.397823e-08,0.0002780632,0.016007569,0.00018892756,0.0073508397,0.025702536,8389271,0,0.37589726,0.39474872,0.013156237,0.020565044,0.097521454,0.022227617,0.0,0.0,0.0,0.0,2162698,2162698,3997706,73225,0,0,831,2,1,2,0,4,0,0,0,0,0,0,0
389468762,389466835,4.443126e-08,0.00031902405,0.01692197,0.00028103133,0.007773303,0.022420166,8389271,0,0.3751735,0.39617303,0.001146808,0.04832698,0.096794054,0.025255734,0.0,0.0,0.0,0.0,2162698,2162698,3997706,73225,0,0,831,2,1,2,0,4,0,0,0,0,0,0,0
389671064,389669191,3.887775e-08,0.00030114147,0.01658948,0.00028928247,0.011118315,0.029054623,8389271,0,0.37450078,0.39507785,0.00064676686,0.058351286,0.100076176,0.007471957,0.0,0.0,0.0,0.0,2162698,2162698,3997706,73225,0,0,831,2,1,2,0,4,0,0,0,0,0,0,0
389869417,389867053,3.754092e-08,0.00029205682,0.017686652,0.00022442202,0.01105916,0.030260704,8389271,0,0.37386915,0.39398062,0.026297035,0.05169655,0.10425623,0.024900453,0.0,0.0,0.0,0.0,2162698,2162698,3997706,73225,0,0,831,2,1,2,0,4,0,0,0,0,0,0,0
390071824,390069404,3.9576676e-08,0.00029867,0.017599244,0.00011326976,0.0061064637,0.0194548,8389271,0,0.37319833,0.39540607,0.00030223277,0.022235028,0.10842116,0.008045438,0.0,0.0,0.0,0.0,2162698,2162698,3997706,73225,0,0,831,2,1,2,0,4,0,0,0,0,0,0,0
390269629,390267263,4.8658457e-08,0.00033427536,0.017130213,0.00017657656,0.003840449,0.015667466,8389271,0,0.37327302,0.39480653,0.005811038,0.023858426,0.106847696,0.004825329,0.0,0.0,0.0,0.0,2162698,2162698,3997706,73225,0,0,831,2,1,2,0,4,0,0,0,0,0,0,0
390471467,390469619,4.972232e-08,0.00033974822,0.017902793,0.0002518014,0.0051236134,0.020783255,8389271,0,0.3726118,0.39622727,0.0017751793,0.062351927,0.10530874,0.006132819,0.0,0.0,0.0,0.0,2162698,2162698,3997706,73225,0,0,831,2,1,2,0,4,0,0,0,0,0,0,0
390673917,390671980,6.546493e-08,0.0003609028,0.01754484,7.412077e-05,0.0059567364,0.028643703,8389271,0,0.37291768,0.39576346,0.0029180076,0.022243168,0.10304623,0.016415238,0.0,0.0,0.0,0.0,2162698,2162698,3997706,73225,0,0,831,2,1,2,0,4,0,0,0,0,0,0,0
390872144,390869836,7.289991e-08,0.00038130058,0.018541275,0.000256552,0.0036842446,0.021903653,8389271,0,0.3722278,0.39717442,0.004728628,0.05135289,0.10764632,0.00534533,0.0,0.0,0.0,0.0,2162698,2162698,3997706,73225,0,0,831,2,1,2,0,4,0,0,0,0,0,0,0
391069616,391067692,6.873962e-08,0.0003688287,0.017769977,0.00030204686,0.0054910993,0.022860037,8389271,0,0.3715244,0.39603707,0.031497724,0.03269797,0.10841455,0.01769077,0.0,0.0,0.0,0.0,2162698,2162698,3997706,73225,0,0,831,2,1,2,0,4,0,0,0,0,0,0,0
391271980,391270055,5.757184e-08,0.00035455966,0.017918408,0.0003369946,0.005886389,0.021891918,8389271,0,0.37069488,0.39489162,0.01858325,0.017951349,0.11016127,0.010455705,0.0,0.0,0.0,0.0,2162698,2162698,3997706,73225,0,0,831,2,1,2,0,4,0,0,0,0,0,0,0
391469811,391467906,5.3919855e-08,0.0003435135,0.020353686,0.0001618286,0.0054153902,0.022989072,8389271,0,0.37003437,0.39630017,0.0025637979,0.0347851,0.11067457,0.001074768,0.0,0.0,0.0,0.0,2162698,2162698,3997706,73225,0,0,831,2,1,2,0,4,0,0,0,0,0,0,0
391672090,391670262,4.8205024e-08,0.00032635155,0.02178658,0.00024650426,0.008509818,0.02795197,8389271,0,0.36940277,0.395169,0.0025509535,0.040561453,0.109195285,0.0038592648,0.0,0.0,0.0,0.0,2162698,2162698,3997706,73225,0,0,831,2,1,2,0,4,0,0,0,0,0,0,0
391869847,391868121,4.976628e-08,0.00032314434,0.022648524,0.00039555805,0.011011884,0.03473114,8389271,0,0.3687815,0.39657465,0.003170265,0.05164795,0.10604833,0.01319759,0.0,0.0,0.0,0.0,2162698,2162698,3997706,73225,0,0,831,2,1,2,0,4,0,0,0,0,0,0,0
392072828,392070477,5.2996572e-08,0.00030894013,0.021382611,0.0005559348,0.009467096,0.012482293,8389271,0,0.3681666,0.39544407,0.026618741,0.07858187,0.09877367,0.0352307,0.0,0.0,0.0,0.0,2162698,2162698,3997706,73225,0,0,831,2,1,2,0,4,0,0,0,0,0,0,0
392270239,392268336,5.207021e-08,0.0002816934,0.0204374,0.00045231998,0.009304514,0.015670054,8389271,0,0.3675517,0.39432058,0.028614232,0.03951913,0.1005002,0.012306487,0.0,0.0,0.0,0.0,2162698,2162698,3997706,73225,0,0,831,2,1,2,0,4,0,0,0,0,0,0,0
392472933,392470696,5.0216297e-08,0.00027821824,0.019450406,0.00031171142,0.0030629756,0.010788958,8389271,0,0.36696267,0.39572608,0.00091325,0.051322944,0.10225959,0.020696906,0.0,0.0,0.0,0.0,2162698,2162698,3997706,73225,0,0,831,2,1,2,0,4,0,0,0,0,0,0,0
392671137,392668566,5.5477493e-08,0.00029764685,0.019400643,0.0006231885,0.011401749,0.026782384,8389271,0,0.3663054,0.39459613,0.0008093155,0.07186205,0.101294,0.013573444,0.0,0.0,0.0,0.0,2162698,2162698,3997706,73225,0,0,831,2,1,2,0,4,0,0,0,0,0,0,0
392868783,392866411,5.3894382e-08,0.00029398478,0.020115243,0.0005032382,0.010069761,0.019435234,8389271,0,0.36571243,0.3960078,0.0027550664,0.057379477,0.09896661,0.004178681,0.0,0.0,0.0,0.0,2162698,2162698,3997706,73225,0,0,831,2,1,2,0,4,0,0,0,0,0,0,0
393070627,393068772,6.058535e-08,0.0003014775,0.0200154,0.00051507185,0.013872083,0.02160367,8389271,0,0.36572117,0.39524636,0.0046754563,0.0938071,0.088082366,0.035151318,0.0,0.0,0.0,0.0,2162698,2162698,3997706,73225,0,0,831,2,1,2,0,4,0,0,0,0,0,0,0
393272910,393271137,6.884323e-08,0.00031360745,0.019874228,0.00032401376,0.020214694,0.05012725,8389271,0,0.36523148,0.39664719,0.0011096167,0.1719508,0.09537513,0.003897019,0.0,0.0,0.0,0.0,2162698,2162698,3997706,73225,0,0,831,2,1,2,0,4,0,0,0,0,0,0,0
393471251,393468982,8.934625e-08,0.00036002544,0.017978443,0.00027659,0.023581956,0.052641355,8389271,0,0.36476472,0.39552742,0.006543758,0.17683975,0.0933132,0.014715085,0.0,0.0,0.0,0.0,2162698,2162698,3997706,73225,0,0,831,2,1,2,0,4,0,0,0,0,0,0,0
393669072,393666842,1.0088116e-07,0.00039663643,0.018488366,0.00031472498,0.025811637,0.061819162,8389271,0,0.36432108,0.39440572,0.00141534,0.17182788,0.09134377,0.005372837,0.0,0.0,0.0,0.0,2162698,2162698,3997706,73225,0,0,831,2,1,2,0,4,0,0,0,0,0,0,0
393871002,393869198,1.06731086e-07,0.0004484835,0.02014156,0.000116457944,0.023288056,0.05112664,8389271,0,0.36474657,0.39633656,0.00017416323,0.17358215,0.08815985,0.014592428,0.0,0.0,0.0,0.0,2162698,2162698,3997706,73225,0,0,831,2,1,2,0,4,0,0,0,0,0,0,0
394069337,394067058,9.531605e-08,0.00045736396,0.02031066,0.00049352815,0.025860934,0.055877138,8389271,0,0.3647724,0.39547095,0.008539811,0.1692681,0.083176844,0.008362165,0.0,0.0,0.0,0.0,2162698,2162698,3997706,73225,0,0,831,2,1,2,0,4,0,0,0,0,0,0,0
394271301,394269415,8.7271864e-08,0.00044280445,0.020272091,0.0005886931,0.023622882,0.0479536,8389271,0,0.36439952,0.3968493,0.0034630122,0.1540062,0.08447256,0.021082126,0.0,0.0,0.0,0.0,2162698,2162698,3997706,73225,0,0,831,2,1,2,0,4,0,0,0,0,0,0,0
394469090,394467282,9.529005e-08,0.00043372627,0.019169625,0.0003577751,0.009909422,0.019600786,8389271,0,0.36459187,0.3960356,0.0043458785,0.0814528,0.087123856,0.016352283,0.0,0.0,0.0,0.0,2162698,2162698,3997706,73225,0,0,831,2,1,2,0,4,0,0,0,0,0,0,0
394672053,394669675,1.0513422e-07,0.00042377692,0.019795515,0.00044335748,0.017810468,0.033722587,8389271,0,0.36427733,0.39741135,0.0033475258,0.18345153,0.08141328,0.017003775,0.0,0.0,0.0,0.0,2162698,2162698,3997706,73225,0,0,831,2,1,2,0,4,0,0,0,0,0,0,0
394873791,394872002,8.9983025e-08,0.00037344478,0.018598292,0.0004967513,0.02104028,0.040537838,8389271,0,0.36395815,0.39625254,0.0008819119,0.21130213,0.085583284,0.023916468,0.0,0.0,0.0,0.0,2162698,2162698,3997706,73225,0,0,831,2,1,2,0,4,0,0,0,0,0,0,0
395072149,395069851,1.03483536e-07,0.00038281214,0.019137297,0.0005121277,0.018366994,0.036968336,8389271,0,0.363638,0.39508426,0.027037263,0.14409867,0.087945275,0.017436752,0.0,0.0,0.0,0.0,2162698,2162698,3997706,73225,0,0,831,2,1,2,0,4,0,0,0,0,0,0,0
395269991,395267708,9.237409e-08,0.00040476004,0.02053222,0.00077460374,0.025129344,0.056102723,8389271,0,0.3632748,0.39646173,0.027056485,0.20836121,0.07789125,0.009976317,0.0,0.0,0.0,0.0,2162698,2162698,3997706,73225,0,0,831,2,1,2,0,4,0,0,0,0,0,0,0
395471853,395470064,8.996798e-08,0.0004035296,0.018836362,0.00069930893,0.022484459,0.04868554,8389271,0,0.36296606,0.39529708,0.0004164414,0.15457952,0.08345413,0.0063916505,0.0,0.0,0.0,0.0,2162698,2162698,3997706,73225,0,0,831,2,1,2,0,4,0,0,0,0,0,0,0
395661193,395658958,8.833465e-08,0.00040287236,0.019968687,0.0004485201,0.013371147,0.030980254,8389271,0,0.36186993,0.3960073,0.0017229925,0.08401286,0.07479135,0.006221968,0.0,0.0,0.0,0.0,2162698,2162698,3997706,73225,0,0,831,2,1,2,0,4,0,0,0,0,0,0,0
395868497,395865843,7.95331e-08,0.00038632992,0.01968875,0.00039073135,0.008388099,0.020054268,8389271,0,0.36241078,0.3955253,0.005030311,0.10208807,0.07105652,0.0033429395,0.0,0.0,0.0,0.0,2162698,2162698,3997706,73225,0,0,831,2,1,2,0,4,0,0,0,0,0,0,0
396069911,396068155,6.975363e-08,0.0003551083,0.019303966,0.00018433183,0.0055379868,0.011977516,8389271,0,0.36260015,0.397195,0.030681401,0.082796544,0.06594544,0.0140000405,0.0,0.0,0.0,0.0,2162698,2162698,3997706,73225,0,0,831,2,1,2,0,4,0,0,0,0,0,0,0
396272316,396270508,6.880849e-08,0.00035991822,0.017759668,0.00029888496,0.0048888274,0.008446553,8389271,0,0.3622849,0.39602408,0.02230218,0.117017016,0.07092519,0.0029811764,0.0,0.0,0.0,0.0,2162698,2162698,3997706,73225,0,0,831,2,1,2,0,4,0,0,0,0,0,0,0
396470815,396468359,7.1107586e-08,0.00037144587,0.017531954,0.00039833793,0.0034918603,0.006984818,8389271,0,0.3620586,0.39486882,0.007683304,0.08007358,0.07252461,0.0051453356,0.0,0.0,0.0,0.0,2162698,2162698,3997706,73225,0,0,831,2,1,2,0,4,0,0,0,0,0,0,0
396672941,396670716,6.812138e-08,0.00036202976,0.01670826,0.00014384382,0.005379283,0.012191013,8389271,0,0.36172938,0.3962398,0.00060955965,0.07634175,0.066704474,0.018209614,0.0,0.0,0.0,0.0,2162698,2162698,3997706,73225,0,0,831,2,1,2,0,4,0,0,0,0,0,0,0
396870309,396868579,6.820693e-08,0.00038488163,0.01796827,0.00019854195,0.009952838,0.029807426,8389271,0,0.36148992,0.39508882,0.0024627538,0.033985544,0.06549065,0.03434577,0.0,0.0,0.0,0.0,2162698,2162698,3997706,73225,0,0,831,2,1,2,0,4,0,0,0,0,0,0,0
397073417,397070938,5.9132276e-08,0.00036253332,0.018676123,0.00026684292,0.0076225377,0.017924841,8389271,0,0.3613418,0.39648128,0.01871077,0.05498763,0.067641556,0.021285996,0.0,0.0,0.0,0.0,2162698,2162698,3997706,73225,0,0,831,2,1,2,0,4,0,0,0,0,0,0,0
397270629,397268794,6.678982e-08,0.0003738985,0.018791659,0.00015781629,0.009675383,0.014615026,8389271,0,0.36119428,0.39533207,0.002557468,0.057290755,0.061289024,0.020814534,0.0,0.0,0.0,0.0,2162698,2162698,3997706,73225,0,0,831,2,1,2,0,4,0,0,0,0,0,0,0
397468492,397466659,7.308989e-08,0.00038005083,0.0186765,0.00014242932,0.0051536364,0.0052963016,8389271,0,0.3610252,0.39673275,0.0010542517,0.04472717,0.065286025,0.002468822,0.0,0.0,0.0,0.0,2162698,2162698,3997706,73225,0,0,831,2,1,2,0,4,0,0,0,0,0,0,0
397670767,397669012,7.3535816e-08,0.00037833204,0.019240238,0.00015812134,0.0056718825,0.012018803,8389271,0,0.3608212,0.3955798,0.0030793531,0.043823566,0.061795436,0.011916646,0.0,0.0,0.0,0.0,2162698,2162698,3997706,73225,0,0,831,2,1,2,0,4,0,0,0,0,0,0,0
397869380,397866873,6.642123e-08,0.0003743526,0.018624114,0.00013340353,0.008026546,0.015474461,8389271,0,0.36068437,0.39445084,0.0037166055,0.05096158,0.059480105,0.001431686,0.0,0.0,0.0,0.0,2162698,2162698,3997706,73225,0,0,831,2,1,2,0,4,0,0,0,0,0,0,0
398070939,398069232,6.589579e-08,0.00039142187,0.01822218,0.00027743285,0.015545606,0.03731923,8389271,0,0.36050442,0.3958305,0.010535041,0.028673291,0.057951577,0.020192161,0.0,0.0,0.0,0.0,2162698,2162698,3997706,73225,0,0,831,2,1,2,0,4,0,0,0,0,0,0,0
398268895,398267094,6.929224e-08,0.00040710386,0.017760284,0.00021341526,0.017279765,0.04399865,8389271,0,0.3603901,0.3947051,0.006004848,0.023848023,0.053025533,0.0069947788,0.0,0.0,0.0,0.0,2162698,2162698,3997706,73225,0,0,831,2,1,2,0,4,0,0,0,0,0,0,0
398471691,398469450,6.748799e-08,0.0004095608,0.016719757,9.814821e-05,0.021317968,0.058102347,8389271,0,0.36022952,0.39610156,0.0013040169,0.07551574,0.051817242,0.005527226,0.0,0.0,0.0,0.0,2162698,2162698,3997706,73225,0,0,831,2,1,2,0,4,0,0,0,0,0,0,0
398673623,398671806,6.5463944e-08,0.0004219298,0.017092105,0.00024614582,0.022469016,0.059087507,8389271,0,0.3600642,0.39496374,0.006231814,0.060397208,0.051568117,0.010515256,0.0,0.0,0.0,0.0,2162698,2162698,3997706,73225,0,0,831,2,1,2,0,4,0,0,0,0,0,0,0
398871464,398869667,6.9821695e-08,0.0004144958,0.016647,0.0002650859,0.02142581,0.050883178,8389271,0,0.3599108,0.39636004,0.0026876072,0.07971897,0.048094995,0.024748728,0.0,0.0,0.0,0.0,2162698,2162698,3997706,73225,0,0,831,2,1,2,0,4,0,0,0,0,0,0,0
399069969,399067528,7.505199e-08,0.00042524177,0.016653365,0.00010396267,0.024890354,0.06451909,8389271,0,0.35982573,0.39524096,0.01502722,0.11841226,0.046639353,0.014471763,0.0,0.0,0.0,0.0,2162698,2162698,3997706,73225,0,0,831,2,1,2,0,4,0,0,0,0,0,0,0
399272265,399269912,6.823728e-08,0.00042066965,0.01752746,0.00039824896,0.023517905,0.06625082,8389271,0,0.35973498,0.39412174,0.028553348,0.06778207,0.047967535,0.020380842,0.0,0.0,0.0,0.0,2162698,2162698,3997706,73225,0,0,831,2,1,2,0,4,0,0,0,0,0,0,0
399469501,399467747,6.4503375e-08,0.0004089579,0.017005026,0.00057022145,0.028896911,0.07706676,8389271,0,0.3595643,0.39552167,0.0005458835,0.12221783,0.051183287,0.022114906,0.0,0.0,0.0,0.0,2162698,2162698,3997706,73225,0,0,831,2,1,2,0,4,0,0,0,0,0,0,0
399672343,399670105,6.5268104e-08,0.0004473256,0.018323932,0.00040125055,0.030075956,0.077002555,8389271,0,0.35949725,0.39442182,0.0006669545,0.17290483,0.047018077,0.005447461,0.0,0.0,0.0,0.0,2162698,2162698,3997706,73225,0,0,831,2,1,2,0,4,0,0,0,0,0,0,0
399869646,399867966,8.140458e-08,0.000479399,0.020728972,0.0006116303,0.03287967,0.08094968,8389271,0,0.35941795,0.39582828,0.001241385,0.16147837,0.048704818,0.008534157,0.0,0.0,0.0,0.0,2162698,2162698,3997706,73225,0,0,831,2,1,2,0,4,0,0,0,0,0,0,0
400072102,400070324,7.551871e-08,0.0004663074,0.020494971,0.0005878001,0.032243986,0.08556587,8389271,0,0.3593506,0.3947306,0.005509996,0.15751593,0.04358479,0.048987426,0.0,0.0,0.0,0.0,2162698,2162698,3997706,73225,0,0,831,2,1,2,0,4,0,0,0,0,0,0,0
400275038,400272689,8.0114226e-08,0.00042507335,0.018681578,0.0003675026,0.023166446,0.061031565,8389271,0,0.35930434,0.396145,0.021984955,0.11647651,0.042261705,0.027893573,0.0,0.0,0.0,0.0,2162698,2162698,3997706,73225,0,0,831,2,1,2,0,4,0,0,0,0,0,0,0
400472974,400470544,7.3776704e-08,0.0003911368,0.0187047,0.00032288636,0.014045633,0.043132972,8389271,0,0.36049464,0.39585286,0.029572418,0.072634004,0.03740801,0.006822844,0.0,0.0,0.0,0.0,2162698,2162698,3997706,73225,0,0,831,2,1,2,0,4,0,0,0,0,0,0,0
400670366,400668408,6.771059e-08,0.00039560357,0.020660171,0.00061975303,0.018053126,0.04325284,8389271,0,0.3604869,0.39471287,0.0051669716,0.13154407,0.04497654,0.006790595,0.0,0.0,0.0,0.0,2162698,2162698,3997706,73225,0,0,831,2,1,2,0,4,0,0,0,0,0,0,0
400872650,400870763,6.115203e-08,0.0004078125,0.021659788,0.000370918,0.018281857,0.051413156,8389271,0,0.36049294,0.39611852,0.005030119,0.1352951,0.0353657,0.026673406,0.0,0.0,0.0,0.0,2162698,2162698,3997706,73225,0,0,831,2,1,2,0,4,0,0,0,0,0,0,0
401070924,401068624,5.7780603e-08,0.00042101412,0.02148531,0.00031184783,0.01913681,0.054497294,8389271,0,0.36052182,0.3949968,0.008327702,0.14035858,0.036130704,0.024767617,0.0,0.0,0.0,0.0,2162698,2162698,3997706,73225,0,0,831,2,1,2,0,4,0,0,0,0,0,0,0
401268333,401266492,5.6475102e-08,0.00042454482,0.021116657,0.00027625213,0.014326333,0.035591982,8389271,0,0.36159658,0.39708376,0.028620688,0.05402727,0.029869659,0.013227417,0.0,0.0,0.0,0.0,2162698,2162698,3997706,73225,0,0,831,2,1,2,0,4,0,0,0,0,0,0,0
401470726,401468844,5.0279343e-08,0.00040709876,0.01983456,0.00013941633,0.009451604,0.019433418,8389271,0,0.3616231,0.3959336,0.000908255,0.060621154,0.034067128,0.026396185,0.0,0.0,0.0,0.0,2162698,2162698,3997706,73225,0,0,831,2,1,2,0,4,0,0,0,0,0,0,0
401673886,401671202,4.2089713e-08,0.00036768088,0.02025927,0.00022354755,0.016245656,0.034154005,8389271,0,0.3620911,0.3976171,0.001989975,0.042099867,0.030776164,0.03069719,0.0,0.0,0.0,0.0,2162698,2162698,3997706,73225,0,0,831,2,1,2,0,4,0,0,0,0,0,0,0
401870980,401869077,3.9902133e-08,0.0003540106,0.0207477,0.00011118991,0.0075232494,0.016698705,8389271,0,0.36211297,0.396455,0.0040045073,0.035991203,0.03682175,0.029340696,0.0,0.0,0.0,0.0,2162698,2162698,3997706,73225,0,0,831,2,1,2,0,4,0,0,0,0,0,0,0
402068886,402066926,3.8061284e-08,0.00032881525,0.019909458,0.00012044248,0.008776054,0.021319713,8389271,0,0.36202502,0.3952844,2.6531361e-05,0.08760491,0.03615483,0.013091881,0.0,0.0,0.0,0.0,2162698,2162698,3997706,73225,0,0,831,2,1,2,0,4,0,0,0,0,0,0,0
402271270,402269284,3.9598017e-08,0.00034073973,0.020807892,0.00018842013,0.0043173456,0.014485676,8389271,0,0.36193487,0.39666173,0.026043396,0.049099155,0.03579754,0.016326314,0.0,0.0,0.0,0.0,2162698,2162698,3997706,73225,0,0,831,2,1,2,0,4,0,0,0,0,0,0,0
402469475,402467163,4.141754e-08,0.00035788357,0.021030903,0.00024452625,0.013411146,0.032993764,8389271,0,0.36191714,0.39550886,0.001124108,0.06647052,0.034551326,0.036013052,0.0,0.0,0.0,0.0,2162698,2162698,3997706,73225,0,0,831,2,1,2,0,4,0,0,0,0,0,0,0
402671208,402669505,4.8286328e-08,0.00036875144,0.021684222,0.0002180466,0.012272229,0.0238597,8389271,0,0.36199033,0.39695793,0.0055793724,0.059733592,0.035642903,0.0026745172,0.0,0.0,0.0,0.0,2162698,2162698,3997706,73225,0,0,831,2,1,2,0,4,0,0,0,0,0,0,0
402869648,402867366,5.168977e-08,0.00038789818,0.021979949,0.00042448982,0.008306719,0.023227477,8389271,0,0.3619996,0.39579624,0.0066800863,0.08863214,0.0403074,0.045944333,0.0,0.0,0.0,0.0,2162698,2162698,3997706,73225,0,0,831,2,1,2,0,4,0,0,0,0,0,0,0
403071598,403069729,5.1854624e-08,0.00037674565,0.02237816,0.00018441846,0.005784226,0.009914856,8389271,0,0.36225098,0.3948399,3.962522e-05,0.07911263,0.03441591,0.0032389045,0.0,0.0,0.0,0.0,2162698,2162698,3997706,73225,0,0,831,2,1,2,0,4,0,0,0,0,0,0,0
403269384,403267594,5.3829037e-08,0.0003662747,0.02218045,0.00016544231,0.010405862,0.019471519,8389271,0,0.3622878,0.39622593,0.02747582,0.120241195,0.03563148,0.021694215,0.0,0.0,0.0,0.0,2162698,2162698,3997706,73225,0,0,831,2,1,2,0,4,0,0,0,0,0,0,0
403472365,403469959,4.370919e-08,0.0003193392,0.020662352,0.00028801872,0.01513428,0.03370317,8389271,0,0.36232728,0.39507455,0.026935432,0.15383016,0.032772392,0.009489654,0.0,0.0,0.0,0.0,2162698,2162698,3997706,73225,0,0,831,2,1,2,0,4,0,0,0,0,0,0,0
403669734,403667812,4.529712e-08,0.00030413884,0.019290466,0.0006121957,0.01942948,0.045303706,8389271,0,0.36231214,0.39646018,0.00019225643,0.12622857,0.037775125,0.05223016,0.0,0.0,0.0,0.0,2162698,2162698,3997706,73225,0,0,831,2,1,2,0,4,0,0,0,0,0,0,0
403871914,403870167,3.9910226e-08,0.00028956975,0.017234083,0.0004739761,0.021054385,0.04959348,8389271,0,0.36228994,0.39529553,0.0017186842,0.16773474,0.027826406,0.028478475,0.0,0.0,0.0,0.0,2162698,2162698,3997706,73225,0,0,831,2,1,2,0,4,0,0,0,0,0,0,0
404070270,404068036,3.5142968e-08,0.0002732139,0.017621245,0.0007732392,0.029751156,0.062422767,8389271,0,0.36232638,0.3966956,0.0029391504,0.19778676,0.028474454,0.033699315,0.0,0.0,0.0,0.0,2162698,2162698,3997706,73225,0,0,831,2,1,2,0,4,0,0,0,0,0,0,0
404272730,404270395,3.9735518e-08,0.00027074467,0.019333553,0.00044572193,0.023347158,0.052467514,8389271,0,0.3623152,0.39554232,0.0033016156,0.1848576,0.01916116,0.015476627,0.0,0.0,0.0,0.0,2162698,2162698,3997706,73225,0,0,831,2,1,2,0,4,0,0,0,0,0,0,0
404470076,404468256,4.3553186e-08,0.00029657886,0.020358227,0.00053395034,0.017072866,0.032376464,8389271,0,0.3624008,0.39441293,0.020427024,0.11123402,0.02051155,0.008954004,0.0,0.0,0.0,0.0,2162698,2162698,3997706,73225,0,0,831,2,1,2,0,4,0,0,0,0,0,0,0
404672877,404670609,4.4024354e-08,0.00028611987,0.019438429,0.00027757566,0.0018796931,0.0039816056,8389271,0,0.36241755,0.39579076,0.006834436,0.055012606,0.015508395,0.009945992,0.0,0.0,0.0,0.0,2162698,2162698,3997706,73225,0,0,831,2,1,2,0,4,0,0,0,0,0,0,0
404870164,404868479,4.3864496e-08,0.0003084901,0.020717334,0.0003918879,0.007260459,0.009699069,8389271,0,0.36248547,0.3946572,0.0031442742,0.09075493,0.021389969,0.025221443,0.0,0.0,0.0,0.0,2162698,2162698,3997706,73225,0,0,831,2,1,2,0,4,0,0,0,0,0,0,0
405068128,405066334,4.744377e-08,0.00031133433,0.018760655,0.00020454562,0.007260143,0.017975219,8389271,0,0.36390117,0.396954,0.0017848614,0.08610292,0.0142356455,0.011406089,0.0,0.0,0.0,0.0,2162698,2162698,3997706,73225,0,0,831,2,1,2,0,4,0,0,0,0,0,0,0
405271088,405268694,4.9125628e-08,0.0003122764,0.018935742,0.00038782755,0.0065731695,0.011955294,8389271,0,0.36418384,0.39594635,0.016252855,0.0910444,0.0205504,0.020004513,0.0,0.0,0.0,0.0,2162698,2162698,3997706,73225,0,0,831,2,1,2,0,4,0,0,0,0,0,0,0
405473390,405471052,4.5987672e-08,0.0003095476,0.019629708,0.00017907326,0.016695485,0.04467888,8389271,0,0.36618713,0.39861965,0.002757855,0.055027112,0.016638454,0.00376734,0.0,0.0,0.0,0.0,2162698,2162698,3997706,73225,0,0,831,2,1,2,0,4,0,0,0,0,0,0,0
405670758,405668915,4.4994277e-08,0.00030559854,0.019740721,0.00051651587,0.01703246,0.047171324,8389271,0,0.3661197,0.3973871,0.0046999417,0.11436016,0.027052842,0.002802148,0.0,0.0,0.0,0.0,2162698,2162698,3997706,73225,0,0,831,2,1,2,0,4,0,0,0,0,0,0,0
405869120,405866777,4.747328e-08,0.0003252886,0.018542275,0.0005843234,0.012771789,0.026089294,8389271,0,0.3661182,0.39616275,0.005366061,0.07312016,0.028585127,0.038792405,0.0,0.0,0.0,0.0,2162698,2162698,3997706,73225,0,0,831,2,1,2,0,4,0,0,0,0,0,0,0
406071094,406069136,5.3492506e-08,0.00036472184,0.018681288,0.00040014714,0.013360979,0.035805084,8389271,0,0.36611995,0.39751294,0.0046716365,0.05313909,0.028182972,0.007560173,0.0,0.0,0.0,0.0,2162698,2162698,3997706,73225,0,0,831,2,1,2,0,4,0,0,0,0,0,0,0
406268839,406266999,5.120682e-08,0.00035920314,0.02009116,0.0002768862,0.01840343,0.04531159,8389271,0,0.3674717,0.39718822,0.0021969345,0.052805126,0.022600902,0.009255303,0.0,0.0,0.0,0.0,2162698,2162698,3997706,73225,0,0,831,2,1,2,0,4,0,0,0,0,0,0,0
406471172,406469359,5.353437e-08,0.00034214734,0.018324934,0.00019279397,0.010010823,0.026347734,8389271,0,0.3672991,0.39850554,0.00053421885,0.04743186,0.025938751,0.036478024,0.0,0.0,0.0,0.0,2162698,2162698,3997706,73225,0,0,831,2,1,2,0,4,0,0,0,0,0,0,0
406669715,406667221,5.731626e-08,0.00033718042,0.01909451,0.0003134597,0.006525739,0.012922606,8389271,0,0.36708775,0.39724264,0.00023977166,0.06292022,0.026167283,0.022266485,0.0,0.0,0.0,0.0,2162698,2162698,3997706,73225,0,0,831,2,1,2,0,4,0,0,0,0,0,0,0
406871361,406869581,5.7097235e-08,0.00033798403,0.01873594,0.00059393345,0.012199998,0.021530477,8389271,0,0.3669652,0.39856645,0.0004538613,0.104640216,0.032254737,0.023815576,0.0,0.0,0.0,0.0,2162698,2162698,3997706,73225,0,0,831,2,1,2,0,4,0,0,0,0,0,0,0
407073723,407071941,5.4908323e-08,0.0002992947,0.018511485,0.00016184253,0.007887937,0.012655953,8389271,0,0.36867347,0.39849803,0.0070009087,0.035720512,0.024846386,0.030714227,0.0,0.0,0.0,0.0,2162698,2162698,3997706,73225,0,0,831,2,1,2,0,4,0,0,0,0,0,0,0
407272392,407269810,7.09517e-08,0.00032638054,0.02035969,0.00032552512,0.013976448,0.028916236,8389271,0,0.37062964,0.3985951,0.0004784922,0.1308679,0.025424708,0.023461733,0.0,0.0,0.0,0.0,2162698,2162698,3997706,73225,0,0,831,2,1,2,0,4,0,0,0,0,0,0,0
407469395,407467672,5.7930947e-08,0.00030619476,0.02065818,0.0005364576,0.020762775,0.036631867,8389271,0,0.3725625,0.40125626,0.03228895,0.07732492,0.023832172,0.033463787,0.0,0.0,0.0,0.0,2162698,2162698,3997706,73225,0,0,831,2,1,2,0,4,0,0,0,0,0,0,0
407671961,407670026,6.1293065e-08,0.00035017708,0.021041559,0.00044282805,0.00267033,0.0150561305,8389271,0,0.37211585,0.39983043,0.02730334,0.07111605,0.025068365,0.028720047,0.0,0.0,0.0,0.0,2162698,2162698,3997706,73225,0,0,831,2,1,2,0,4,0,0,0,0,0,0,0
407874764,407872392,6.1875475e-08,0.00035018177,0.021539425,0.00040132663,0.006543773,0.022503948,8389271,0,0.37179515,0.40105513,0.0003002473,0.080789335,0.020995565,0.026733426,0.0,0.0,0.0,0.0,2162698,2162698,3997706,73225,0,0,831,2,1,2,0,4,0,0,0,0,0,0,0
408067518,408065762,5.4097484e-08,0.00031701656,0.02016689,0.0009551102,0.023913963,0.047575437,8389271,0,0.37151587,0.3996618,0.007326301,0.17526956,0.02542482,0.057346,0.0,0.0,0.0,0.0,2162698,2162698,3997706,73225,0,0,831,2,1,2,0,4,0,0,0,0,0,0,0
408269866,408268112,4.9164175e-08,0.00032205085,0.017956397,0.0005427848,0.014582824,0.024211822,8389271,0,0.37131554,0.40089855,0.0021641038,0.05908203,0.01543631,0.032318257,0.0,0.0,0.0,0.0,2162698,2162698,3997706,73225,0,0,831,2,1,2,0,4,0,0,0,0,0,0,0
408472825,408470472,6.284415e-08,0.0003394556,0.016267298,0.0005837888,0.02162369,0.04356598,8389271,0,0.37260407,0.4005055,0.031430025,0.10245599,0.005673982,0.027398832,0.0,0.0,0.0,0.0,2162698,2162698,3997706,73225,0,0,831,2,1,2,0,4,0,0,0,0,0,0,0
408670659,408668335,5.5414464e-08,0.00035455232,0.01637544,0.0004128698,0.023462653,0.059225976,8389271,0,0.37228853,0.40171775,0.014488871,0.100011036,0.006873477,0.028862506,0.0,0.0,0.0,0.0,2162698,2162698,3997706,73225,0,0,831,2,1,2,0,4,0,0,0,0,0,0,0
408872635,408870695,4.7175266e-08,0.00033556492,0.016611313,0.0005636877,0.021703513,0.051442057,8389271,0,0.37215522,0.4003395,0.016617933,0.07554416,0.0074186837,0.03336774,0.0,0.0,0.0,0.0,2162698,2162698,3997706,73225,0,0,831,2,1,2,0,4,0,0,0,0,0,0,0
409070493,409068567,5.904566e-08,0.00038404996,0.01739189,0.00023855013,0.019194068,0.055152234,8389271,0,0.37413102,0.40033743,0.0024117462,0.04575297,0.005459805,0.008817336,0.0,0.0,0.0,0.0,2162698,2162698,3997706,73225,0,0,831,2,1,2,0,4,0,0,0,0,0,0,0
409268650,409266422,6.043242e-08,0.0004027545,0.0203629,0.0003206092,0.019439489,0.058388516,8389271,0,0.37386218,0.40151244,0.0063283136,0.07920731,0.0044168015,0.014739306,0.0,0.0,0.0,0.0,2162698,2162698,3997706,73225,0,0,831,2,1,2,0,4,0,0,0,0,0,0,0
409470553,409468782,6.565431e-08,0.0004033712,0.019534903,0.0006030683,0.021964194,0.06373528,8389271,0,0.3736718,0.4000803,0.000181315,0.09923258,0.004254529,0.004009894,0.0,0.0,0.0,0.0,2162698,2162698,3997706,73225,0,0,831,2,1,2,0,4,0,0,0,0,0,0,0
409668941,409666645,5.6435766e-08,0.00036925758,0.020034185,0.0004235464,0.024000693,0.06659508,8389271,0,0.37376314,0.40151295,0.013258472,0.092943855,0.0050372067,0.0098651135,0.0,0.0,0.0,0.0,2162698,2162698,3997706,73225,0,0,831,2,1,2,0,4,0,0,0,0,0,0,0
409871311,409869012,4.4629534e-08,0.0003333058,0.019235885,0.00039504727,0.026116077,0.06964746,8389271,0,0.37347758,0.40008295,0.0025732666,0.13036051,0.0066951085,0.01464317,0.0,0.0,0.0,0.0,2162698,2162698,3997706,73225,0,0,831,2,1,2,0,4,0,0,0,0,0,0,0
410073677,410071366,4.9298915e-08,0.00034236515,0.02037694,0.0002325053,0.017502917,0.047305867,8389271,0,0.3732084,0.39867342,0.0033738005,0.0664781,0.0074182916,0.029890157,0.0,0.0,0.0,0.0,2162698,2162698,3997706,73225,0,0,831,2,1,2,0,4,0,0,0,0,0,0,0
410270984,410269229,4.250587e-08,0.00032328587,0.01958716,0.0002606624,0.017550299,0.036915727,8389271,0,0.37341505,0.40016904,0.0052046734,0.07131574,0.0072832745,0.031718966,0.0,0.0,0.0,0.0,2162698,2162698,3997706,73225,0,0,831,2,1,2,0,4,0,0,0,0,0,0,0
410469056,410467113,4.1332534e-08,0.0003211752,0.021301523,0.0001708443,0.011195035,0.025201522,8389271,0,0.37326157,0.39877513,0.0037770027,0.08039395,0.0072405413,0.032295067,0.0,0.0,0.0,0.0,2162698,2162698,3997706,73225,0,0,831,2,1,2,0,4,0,0,0,0,0,0,0
410671163,410669453,4.68233e-08,0.00033455848,0.020646296,0.0001358118,0.013040416,0.030543232,8389271,0,0.3732992,0.40013796,0.004714583,0.07109205,0.006287694,0.0019755778,0.0,0.0,0.0,0.0,2162698,2162698,3997706,73225,0,0,831,2,1,2,0,4,0,0,0,0,0,0,0
411072006,411069680,4.3911374e-08,0.00034148162,0.018861914,0.00025549726,0.0107676415,0.031228373,8389271,0,0.37322545,0.40014288,0.0055585937,0.08466672,0.005668023,0.009559734,0.0,0.0,0.0,0.0,2162698,2162698,3997706,73225,0,0,831,2,1,2,0,4,0,0,0,0,0,0,0
411269221,411267540,5.2528918e-08,0.00035209086,0.01992475,0.00016272356,0.0066910572,0.02412122,8389271,0,0.37307376,0.39877948,0.0068483306,0.033697642,0.0022363367,0.012029587,0.0,0.0,0.0,0.0,2162698,2162698,3997706,73225,0,0,831,2,1,2,0,4,0,0,0,0,0,0,0
411472453,411469901,5.8476424e-08,0.00035568103,0.018764801,0.00017015218,0.0033210968,0.015136205,8389271,0,0.3728852,0.39742664,0.002754695,0.021194072,0.0025141505,0.057463706,0.0,0.0,0.0,0.0,2162698,2162698,3997706,73225,0,0,831,2,1,2,0,4,0,0,0,0,0,0,0
411669690,411667768,6.114373e-08,0.0003345932,0.019473152,0.00021667863,0.01634035,0.04023409,8389271,0,0.37271774,0.39866316,0.0011015539,0.056997173,0.00626682,0.036327563,0.0,0.0,0.0,0.0,2162698,2162698,3997706,73225,0,0,831,2,1,2,0,4,0,0,0,0,0,0,0
411871948,411870130,5.975944e-08,0.00034459087,0.020518301,0.00041978818,0.022279624,0.059338495,8389271,0,0.3728086,0.3974949,0.03615962,0.074690856,0.011307108,0.0325,0.0,0.0,0.0,0.0,2162698,2162698,3997706,73225,0,0,831,2,1,2,0,4,0,0,0,0,0,0,0
412069739,412067989,6.511973e-08,0.00036048784,0.018891437,0.0005458081,0.028886471,0.0685128,8389271,0,0.37266204,0.39874688,0.02382902,0.121948645,0.013275128,0.046452623,0.0,0.0,0.0,0.0,2162698,2162698,3997706,73225,0,0,831,2,1,2,0,4,0,0,0,0,0,0,0
412272311,412270350,5.8880882e-08,0.00035744978,0.018762922,0.00037325494,0.025495835,0.06314256,8389271,0,0.37253577,0.39743766,4.4271226e-05,0.092544965,0.008456833,0.009835001,0.0,0.0,0.0,0.0,2162698,2162698,3997706,73225,0,0,831,2,1,2,0,4,0,0,0,0,0,0,0
412470630,412468214,5.1127646e-08,0.00033228798,0.018828893,0.00030341218,0.03094242,0.078531906,8389271,0,0.37239105,0.39613807,0.01354167,0.18600814,0.009606777,0.024336454,0.0,0.0,0.0,0.0,2162698,2162698,3997706,73225,0,0,831,2,1,2,0,4,0,0,0,0,0,0,0
412672323,412670575,5.8503662e-08,0.00034900403,0.020244801,0.00064841553,0.037586927,0.085716195,8389271,0,0.37350106,0.3982648,0.0080240555,0.22305737,0.006506615,0.0033196842,0.0,0.0,0.0,0.0,2162698,2162698,3997706,73225,0,0,831,2,1,2,0,4,0,0,0,0,0,0,0
412870844,412868450,5.913954e-08,0.0003525511,0.020020824,0.00042387217,0.020469243,0.047197595,8389271,0,0.37331915,0.39694628,0.036072623,0.04824373,0.01731259,0.007597495,0.0,0.0,0.0,0.0,2162698,2162698,3997706,73225,0,0,831,2,1,2,0,4,0,0,0,0,0,0,0
413072741,413070803,5.52784e-08,0.00033550308,0.017721858,0.0003923063,0.018282447,0.04187022,8389271,0,0.3731988,0.3982153,0.023493689,0.09624208,0.013067302,0.019466352,0.0,0.0,0.0,0.0,2162698,2162698,3997706,73225,0,0,831,2,1,2,0,4,0,0,0,0,0,0,0
413270353,413268664,5.3081248e-08,0.00035868972,0.016629329,0.00059783703,0.015873866,0.028360408,8389271,0,0.3737163,0.39735067,0.016456718,0.12220823,0.023550764,0.0052126036,0.0,0.0,0.0,0.0,2162698,2162698,3997706,73225,0,0,831,2,1,2,0,4,0,0,0,0,0,0,0
413469161,413466528,4.627021e-08,0.00034840702,0.017558733,0.00041318635,0.008107497,0.00934511,8389271,0,0.37359184,0.39861792,0.004020721,0.1387911,0.009832257,0.033424027,0.0,0.0,0.0,0.0,2162698,2162698,3997706,73225,0,0,831,2,1,2,0,4,0,0,0,0,0,0,0
413670582,413668889,4.0857657e-08,0.00032595577,0.015781524,0.000761206,0.018049853,0.027150687,8389271,0,0.37346968,0.3973341,0.004567535,0.12715694,0.009655325,0.03110219,0.0,0.0,0.0,0.0,2162698,2162698,3997706,73225,0,0,831,2,1,2,0,4,0,0,0,0,0,0,0
413868682,413866753,3.9794685e-08,0.00032503635,0.0139831165,0.00045400637,0.013261384,0.021561725,8389271,0,0.37338433,0.3986173,0.00045339754,0.06411354,0.016336607,0.0091803055,0.0,0.0,0.0,0.0,2162698,2162698,3997706,73225,0,0,831,2,1,2,0,4,0,0,0,0,0,0,0
414070895,414069115,4.6026607e-08,0.00030827025,0.015100065,0.00036862254,0.011335586,0.018709496,8389271,0,0.37324494,0.39734247,0.010671459,0.068707794,0.016330963,0.01091472,0.0,0.0,0.0,0.0,2162698,2162698,3997706,73225,0,0,831,2,1,2,0,4,0,0,0,0,0,0,0
414269511,414266980,3.9562106e-08,0.00029068903,0.016803358,6.298576e-05,0.004019017,0.011898435,8389271,0,0.37317544,0.3960824,0.007237485,0.0067805545,0.018170783,0.008801475,0.0,0.0,0.0,0.0,2162698,2162698,3997706,73225,0,0,831,2,1,2,0,4,0,0,0,0,0,0,0
414471731,414469340,3.6013876e-08,0.000282866,0.016167207,0.00015831247,0.013950396,0.032190416,8389271,0,0.37354356,0.39769062,0.0074973893,0.086484544,0.01730943,0.025294125,0.0,0.0,0.0,0.0,2162698,2162698,3997706,73225,0,0,831,2,1,2,0,4,0,0,0,0,0,0,0
414673522,414671709,3.6654516e-08,0.0002819851,0.018170217,0.00044107673,0.016451417,0.033822212,8389271,0,0.37352312,0.39643478,0.0014364091,0.0986357,0.009551513,0.029228963,0.0,0.0,0.0,0.0,2162698,2162698,3997706,73225,0,0,831,2,1,2,0,4,0,0,0,0,0,0,0
414872135,414869566,4.063853e-08,0.00029732657,0.018196482,0.0003011017,0.017439313,0.042359814,8389271,0,0.37485456,0.39861795,0.004770981,0.09253412,0.014199066,0.01631957,0.0,0.0,0.0,0.0,2162698,2162698,3997706,73225,0,0,831,2,1,2,0,4,0,0,0,0,0,0,0
415069120,415067433,3.840176e-08,0.00029606576,0.01797263,0.00026971145,0.017445402,0.045255262,8389271,0,0.3759003,0.3979993,0.0069331247,0.07916231,0.008038702,0.022958176,0.0,0.0,0.0,0.0,2162698,2162698,3997706,73225,0,0,831,2,1,2,0,4,0,0,0,0,0,0,0
415271634,415269813,3.24596e-08,0.0002669848,0.017323207,0.00040226735,0.014171889,0.03857678,8389271,0,0.37592086,0.3992781,0.0047365637,0.07464465,0.005156643,0.008293855,0.0,0.0,0.0,0.0,2162698,2162698,3997706,73225,0,0,831,2,1,2,0,4,0,0,0,0,0,0,0
415474633,415472153,3.0206316e-08,0.00024174205,0.01574822,0.00037037008,0.010207495,0.02154022,8389271,0,0.37642914,0.39829525,0.0051766317,0.06404638,0.0073235,0.039539043,0.0,0.0,0.0,0.0,2162698,2162698,3997706,73225,0,0,831,2,1,2,0,4,0,0,0,0,0,0,0
415671974,415670018,3.511534e-08,0.00025775435,0.017900946,0.0003816909,0.007871967,0.013837555,8389271,0,0.3764331,0.3970101,0.0064844885,0.06623809,0.0038347312,0.027658029,0.0,0.0,0.0,0.0,2162698,2162698,3997706,73225,0,0,831,2,1,2,0,4,0,0,0,0,0,0,0
415869575,415867882,3.3668552e-08,0.00026764369,0.017791243,0.00019220455,0.004681864,0.006979409,8389271,0,0.3764355,0.39830273,0.0027728993,0.06326349,0.0062364177,0.06110014,0.0,0.0,0.0,0.0,2162698,2162698,3997706,73225,0,0,831,2,1,2,0,4,0,0,0,0,0,0,0
416072541,416070244,2.970012e-08,0.00024381911,0.017966712,0.00031587435,0.006743157,0.011911953,8389271,0,0.3764372,0.39702266,0.0019628974,0.06594017,0.0046884594,0.01722248,0.0,0.0,0.0,0.0,2162698,2162698,3997706,73225,0,0,831,2,1,2,0,4,0,0,0,0,0,0,0
416269800,416268108,3.7940044e-08,0.00025943285,0.021140842,0.00032838742,0.004086883,0.008321742,8389271,0,0.37642828,0.39832085,0.030201685,0.030599765,0.007066101,0.025348311,0.0,0.0,0.0,0.0,2162698,2162698,3997706,73225,0,0,831,2,1,2,0,4,0,0,0,0,0,0,0
416472231,416470470,3.983998e-08,0.0002887431,0.02044926,0.0004121421,0.0048399107,0.010428929,8389271,0,0.37638265,0.39705494,0.029239316,0.04751249,0.00930561,0.035814498,0.0,0.0,0.0,0.0,2162698,2162698,3997706,73225,0,0,831,2,1,2,0,4,0,0,0,0,0,0,0
416670689,416668335,3.60883e-08,0.0002724036,0.017864348,0.0006286495,0.015388121,0.030192917,8389271,0,0.37634876,0.39581206,0.0027061687,0.124494985,0.0066086673,0.020143207,0.0,0.0,0.0,0.0,2162698,2162698,3997706,73225,0,0,831,2,1,2,0,4,0,0,0,0,0,0,0
416872931,416870700,3.7121485e-08,0.00027424286,0.015758298,0.0006266416,0.0142405005,0.023701863,8389271,0,0.37630966,0.39712366,0.0015344925,0.093863845,0.009052229,0.039685212,0.0,0.0,0.0,0.0,2162698,2162698,3997706,73225,0,0,831,2,1,2,0,4,0,0,0,0,0,0,0
417070393,417068562,4.2398906e-08,0.00026189888,0.01902537,0.00047056985,0.012849534,0.022507558,8389271,0,0.37631112,0.39588523,4.221866e-05,0.06854341,0.010273977,0.0023772237,0.0,0.0,0.0,0.0,2162698,2162698,3997706,73225,0,0,831,2,1,2,0,4,0,0,0,0,0,0,0
417273586,417270929,4.79122e-08,0.0002926122,0.019938936,0.00052131317,0.016166149,0.032620635,8389271,0,0.37637287,0.3972185,0.024910985,0.10022206,0.0070675164,0.032140706,0.0,0.0,0.0,0.0,2162698,2162698,3997706,73225,0,0,831,2,1,2,0,4,0,0,0,0,0,0,0
417471117,417468791,6.198682e-08,0.00031963535,0.019585466,0.00040992457,0.0142856045,0.029949876,8389271,0,0.37715676,0.39652985,0.022636754,0.082666576,0.017839903,0.040261228,0.0,0.0,0.0,0.0,2162698,2162698,3997706,73225,0,0,831,2,1,2,0,4,0,0,0,0,0,0,0
417673025,417671163,5.5217644e-08,0.00029044578,0.017766463,0.0004032887,0.010912061,0.026106851,8389271,0,0.37715113,0.3978567,0.0019302221,0.097294,0.0072948835,0.0037786902,0.0,0.0,0.0,0.0,2162698,2162698,3997706,73225,0,0,831,2,1,2,0,4,0,0,0,0,0,0,0
417870729,417869015,5.1061434e-08,0.00028603294,0.017505968,0.00048431373,0.008741614,0.020322109,8389271,0,0.37778845,0.3970364,0.004724006,0.06055725,0.011625983,0.03695809,0.0,0.0,0.0,0.0,2162698,2162698,3997706,73225,0,0,831,2,1,2,0,4,0,0,0,0,0,0,0
418069577,418066880,4.9637087e-08,0.0002993352,0.017600602,0.00043872814,0.009733181,0.026213722,8389271,0,0.37779593,0.39580205,0.0024260115,0.07042408,0.010482852,0.028953433,0.0,0.0,0.0,0.0,2162698,2162698,3997706,73225,0,0,831,2,1,2,0,4,0,0,0,0,0,0,0
418271034,418269242,4.2572843e-08,0.00029956666,0.01688839,0.00010470737,0.011194999,0.03790725,8389271,0,0.37892693,0.39787003,0.0039827432,0.040946405,0.012149906,0.002663551,0.0,0.0,0.0,0.0,2162698,2162698,3997706,73225,0,0,831,2,1,2,0,4,0,0,0,0,0,0,0
418468988,418467107,4.218595e-08,0.0002999126,0.016710414,0.00013180317,0.020172646,0.056503266,8389271,0,0.3792269,0.39684102,0.016940186,0.12655841,0.012073471,0.009298723,0.0,0.0,0.0,0.0,2162698,2162698,3997706,73225,0,0,831,2,1,2,0,4,0,0,0,0,0,0,0
418671898,418669470,4.8317474e-08,0.0003080434,0.017486552,8.0537066e-05,0.02201844,0.06437665,8389271,0,0.379257,0.39815477,0.0027476766,0.104238324,0.009020376,0.00938254,0.0,0.0,0.0,0.0,2162698,2162698,3997706,73225,0,0,831,2,1,2,0,4,0,0,0,0,0,0,0
418869267,418867335,5.226951e-08,0.0003272878,0.017631443,0.00018489241,0.024339566,0.07346733,8389271,0,0.37942633,0.39699477,0.000735789,0.12856846,0.009781081,0.009551852,0.0,0.0,0.0,0.0,2162698,2162698,3997706,73225,0,0,831,2,1,2,0,4,0,0,0,0,0,0,0
419071486,419069697,5.2325976e-08,0.0003289179,0.017679024,0.0002041545,0.027009299,0.08608056,8389271,0,0.37991843,0.39856812,0.0021231587,0.154554,0.0057600685,0.051516477,0.0,0.0,0.0,0.0,2162698,2162698,3997706,73225,0,0,831,2,1,2,0,4,0,0,0,0,0,0,0
419269873,419267562,5.0237897e-08,0.0003306176,0.018474732,0.00031194816,0.026815351,0.08746661,8389271,0,0.38121837,0.39809385,0.0022444113,0.14877509,0.0083482405,0.030390624,0.0,0.0,0.0,0.0,2162698,2162698,3997706,73225,0,0,831,2,1,2,0,4,0,0,0,0,0,0,0
419472207,419469931,3.529143e-07,0.00053166837,0.03026614,0.00024681812,0.030232918,0.11213098,8389271,0,0.38132545,0.3968019,0.0037597804,0.15196337,0.0044486,0.04798183,0.0,0.0,0.0,0.0,2162698,2162698,3997706,73225,0,0,831,2,1,2,0,4,0,0,0,0,0,0,0
419674033,419672293,7.284326e-07,0.00058507075,0.028144829,0.00073793746,0.038625702,0.10696278,8389271,0,0.3838707,0.39968613,0.0124885375,0.28085172,0.013074489,0.02063708,0.0,0.0,0.0,0.0,2162698,2162698,3997706,73225,0,0,831,2,1,2,0,4,0,0,0,0,0,0,0
419868060,419865662,5.2342335e-07,0.0004330616,0.020141417,0.00058571243,0.024509618,0.060702067,8389271,0,0.38387167,0.3983023,0.009647825,0.14199717,0.0037195454,0.024839869,0.0,0.0,0.0,0.0,2162698,2162698,3997706,73225,0,0,831,2,1,2,0,4,0,0,0,0,0,0,0
420069788,420068017,4.65099e-07,0.00039999458,0.016825413,0.00066964293,0.020503044,0.035033103,8389271,0,0.3839068,0.3994532,0.009530673,0.094646476,0.007927425,0.0282122,0.0,0.0,0.0,0.0,2162698,2162698,3997706,73225,0,0,831,2,1,2,0,4,0,0,0,0,0,0,0
420272323,420270390,3.3676645e-07,0.0003261406,0.013287337,0.0011532102,0.019509286,0.029227676,8389271,0,0.3839278,0.3979548,0.0082199965,0.1883262,0.012695139,0.01866995,0.0,0.0,0.0,0.0,2162698,2162698,3997706,73225,0,0,831,2,1,2,0,4,0,0,0,0,0,0,0
420470665,420468253,2.2653813e-07,0.00024714158,0.009805913,0.0009939496,0.020181835,0.03295953,8389271,0,0.38396755,0.398994,0.008584532,0.090034015,0.012552581,0.04313534,0.0,0.0,0.0,0.0,2162698,2162698,3997706,73225,0,0,831,2,1,2,0,4,0,0,0,0,0,0,0
420672955,420670638,1.4594201e-07,0.00017209638,0.006786671,0.00050798117,0.012526635,0.028304933,8389271,0,0.3840026,0.39741918,0.007460271,0.09798074,0.017026195,0.033230815,0.0,0.0,0.0,0.0,2162698,2162698,3997706,73225,0,0,831,2,1,2,0,4,0,0,0,0,0,0,0
420870904,420868473,9.4424855e-08,0.00011964995,0.0046341573,0.00029983476,0.0051688263,0.024308661,8389271,0,0.3842972,0.39594495,0.015468921,0.08325053,0.016264103,0.017165098,0.0,0.0,0.0,0.0,2162698,2162698,3997706,73225,0,0,831,2,1,2,0,4,0,0,0,0,0,0,0
421068059,421066339,6.106508e-08,8.33925e-05,0.003159307,0.0003002119,0.0040401868,0.019945731,8389271,0,0.38456348,0.3969864,0.017793048,0.07714636,0.01733172,0.021327505,0.0,0.0,0.0,0.0,2162698,2162698,3997706,73225,0,0,831,2,1,2,0,4,0,0,0,0,0,0,0
421271099,421268701,3.9234333e-08,5.9688788e-05,0.002177375,0.0006951083,0.015582828,0.035416223,8389271,0,0.38453197,0.3953049,0.0106918765,0.09175761,0.023398422,0.011073489,0.0,0.0,0.0,0.0,2162698,2162698,3997706,73225,0,0,831,2,1,2,0,4,0,0,0,0,0,0,0
421472861,421471071,2.5453083e-08,4.5472207e-05,0.0015666243,0.0007629841,0.020466136,0.04657624,8389271,0,0.38449517,0.39614806,0.0030623553,0.085299246,0.022193927,0.021024793,0.0,0.0,0.0,0.0,2162698,2162698,3997706,73225,0,0,831,2,1,2,0,4,0,0,0,0,0,0,0
421670689,421668930,1.693417e-08,3.7582853e-05,0.0011645315,0.0005056345,0.016179327,0.0444363,8389271,0,0.38444993,0.39444873,0.0020465485,0.047473684,0.019006839,0.022218619,0.0,0.0,0.0,0.0,2162698,2162698,3997706,73225,0,0,831,2,1,2,0,4,0,0,0,0,0,0,0
421869236,421866827,1.1395216e-08,3.2401676e-05,0.00095200737,0.0001682251,0.006897956,0.026802985,8389271,0,0.38437438,0.395256,0.029039934,0.055611443,0.017236823,0.03321866,0.0,0.0,0.0,0.0,2162698,2162698,3997706,73225,0,0,831,2,1,2,0,4,0,0,0,0,0,0,0
422070948,422069172,7.594454e-09,2.7124668e-05,0.0007991092,0.00021322035,0.0060590557,0.015551149,8389271,0,0.3842312,0.39355823,0.0116858445,0.07166526,0.017554639,0.0029311976,0.0,0.0,0.0,0.0,2162698,2162698,3997706,73225,0,0,831,2,1,2,0,4,0,0,0,0,0,0,0
422269313,422267030,5.2337303e-09,2.4218227e-05,0.0007616681,0.00016044706,0.013356156,0.021175835,8389271,0,0.3841418,0.39188433,0.0011815869,0.052488964,0.017483644,0.008700005,0.0,0.0,0.0,0.0,2162698,2162698,3997706,73225,0,0,831,2,1,2,0,4,0,0,0,0,0,0,0
422471854,422469396,3.5950605e-09,2.0522886e-05,0.00063099334,0.0003292715,0.0059058433,0.015281879,8389271,0,0.3840634,0.39269546,0.003526869,0.06289955,0.020457722,0.019840062,0.0,0.0,0.0,0.0,2162698,2162698,3997706,73225,0,0,831,2,1,2,0,4,0,0,0,0,0,0,0
422668953,422667263,2.5534002e-09,1.8181252e-05,0.0005459526,0.00029691117,0.00629136,0.01771723,8389271,0,0.3839813,0.39106208,0.0053716674,0.030432219,0.017464073,0.008265418,0.0,0.0,0.0,0.0,2162698,2162698,3997706,73225,0,0,831,2,1,2,0,4,0,0,0,0,0,0,0
422871370,422869623,1.8428767e-09,1.6481488e-05,0.00047256547,9.593022e-05,0.00765383,0.014654864,8389271,0,0.38383353,0.39190805,0.01675466,0.05050019,0.015745308,0.026702814,0.0,0.0,0.0,0.0,2162698,2162698,3997706,73225,0,0,831,2,1,2,0,4,0,0,0,0,0,0,0
423069716,423067482,1.3633714e-09,1.4587882e-05,0.00040858288,0.00019201713,0.0010392157,0.005534599,8389271,0,0.38374162,0.3903425,0.0010983339,0.08070756,0.0212481,0.021897892,0.0,0.0,0.0,0.0,2162698,2162698,3997706,73225,0,0,831,2,1,2,0,4,0,0,0,0,0,0,0
423271661,423269852,1.0402573e-09,1.3064951e-05,0.000363538,0.00024875175,0.017354077,0.023649644,8389271,0,0.38363752,0.39124638,0.0051456685,0.09467387,0.018496258,0.0035121036,0.0,0.0,0.0,0.0,2162698,2162698,3997706,73225,0,0,831,2,1,2,0,4,0,0,0,0,0,0,0
423469393,423467708,8.281972e-10,1.2390381e-05,0.0003194291,0.00013537117,0.012814148,0.022607304,8389271,0,0.38351768,0.3897511,0.0017273797,0.08536611,0.026421946,0.003965716,0.0,0.0,0.0,0.0,2162698,2162698,3997706,73225,0,0,831,2,1,2,0,4,0,0,0,0,0,0,0
423668312,423665608,6.857738e-10,1.1607726e-05,0.00028136207,0.00015037069,0.013991302,0.022166131,8389271,0,0.3833891,0.38831574,0.00432432,0.09132678,0.026836412,0.011115641,0.0,0.0,0.0,0.0,2162698,2162698,3997706,73225,0,0,831,2,1,2,0,4,0,0,0,0,0,0,0
423869654,423867940,5.745168e-10,1.1037609e-05,0.0002877095,0.000177643,0.013940299,0.02265894,8389271,0,0.38325882,0.38931367,0.00029886805,0.08383787,0.027051155,0.019716134,0.0,0.0,0.0,0.0,2162698,2162698,3997706,73225,0,0,831,2,1,2,0,4,0,0,0,0,0,0,0
424072162,424070303,4.932986e-10,1.0698928e-05,0.0002659819,7.630114e-05,0.008894669,0.014461376,8389271,0,0.38312173,0.3879688,0.020659732,0.07889903,0.029380875,0.011945277,0.0,0.0,0.0,0.0,2162698,2162698,3997706,73225,0,0,831,2,1,2,0,4,0,0,0,0,0,0,0
424270598,424268169,4.454961e-10,1.0606426e-05,0.0002561086,7.731953e-05,0.00687589,0.010488423,8389271,0,0.38298187,0.38906005,0.007738953,0.06644217,0.027013997,0.013051717,0.0,0.0,0.0,0.0,2162698,2162698,3997706,73225,0,0,831,2,1,2,0,4,0,0,0,0,0,0,0
424473314,424470536,3.910874e-10,9.914119e-06,0.0002457406,0.0001259705,0.00399174,0.006978252,8389271,0,0.38278073,0.38780406,0.0010880458,0.04678082,0.026937652,0.008681103,0.0,0.0,0.0,0.0,2162698,2162698,3997706,73225,0,0,831,2,1,2,0,4,0,0,0,0,0,0,0
424670719,424668409,3.7030615e-10,9.773213e-06,0.00026715768,0.00014868143,0.0023758,0.008369162,535,0,0.3826337,0.38898385,0.0051682983,0.03647662,0.027558124,0.027117494,0.0,0.0,0.0,0.0,2162698,2162698,3997706,73225,0,0,895,2,1,2,0,4,0,0,0,0,0,0,0
424868725,424866279,3.5578884e-10,9.3612925e-06,0.00027450273,0.00018145911,0.0035688255,0.0101068495,535,0,0.38248503,0.38781276,0.0071839113,0.030404069,0.026628802,0.004636711,0.0,0.0,0.0,0.0,2162698,2162698,3997706,73225,0,0,895,2,1,2,0,4,0,0,0,0,0,0,0
425071386,425068633,3.239179e-10,9.23022e-06,0.00028194516,0.00015272465,0.0034050592,0.0037584149,535,0,0.38233924,0.3866909,0.0039042258,0.040754966,0.024950493,0.0030703384,0.0,0.0,0.0,0.0,2162698,2162698,3997706,73225,0,0,895,2,1,2,0,4,0,0,0,0,0,0,0
425269033,425266499,3.063677e-10,9.036132e-06,0.00027639736,9.1059e-05,0.0029956251,0.006754951,535,0,0.38217875,0.3879917,0.016724963,0.03539929,0.025183856,0.0110704545,0.0,0.0,0.0,0.0,2162698,2162698,3997706,73225,0,0,895,2,1,2,0,4,0,0,0,0,0,0,0
