timestamp,voltage_v,voltage_filtered_v,current_a,current_filtered_a,current_average_a,discharged_mah,remaining,scale,temperature,cell_count,voltage_cell_v[0],voltage_cell_v[1],voltage_cell_v[2],voltage_cell_v[3],voltage_cell_v[4],voltage_cell_v[5],voltage_cell_v[6],voltage_cell_v[7],voltage_cell_v[8],voltage_cell_v[9],voltage_cell_v[10],voltage_cell_v[11],voltage_cell_v[12],voltage_cell_v[13],max_cell_voltage_delta,average_power,available_energy,remaining_capacity,design_capacity,nominal_voltage,capacity,cycle_count,run_time_to_empty,average_time_to_empty,serial_number,manufacture_date,state_of_health,max_error,interface_error,average_time_to_full,over_discharge_count,connected,source,priority,id,is_powering_off,warning
368080599,23.524721,23.741102,0.0,3.5e-44,-1.0,0.000497488,0.65307194,1.0613698,nan,6,3.9568503,3.9568503,3.9568503,3.9568503,3.9568503,3.9568503,0.0,0.0,0.0,0.0,0.0,0.0,0.0,0.0,0.0,0.0,0.0,0.0,0.0,0.0,0,0,0,0,0,0,0,0,0,0,0,1,0,0,1,0,0
368271721,23.508291,23.702074,0.0,3.5e-44,-1.0,0.000497488,0.6437798,1.0631173,nan,6,3.9503458,3.9503458,3.9503458,3.9503458,3.9503458,3.9503458,0.0,0.0,0.0,0.0,0.0,0.0,0.0,0.0,0.0,0.0,0.0,0.0,0.0,0.0,0,0,0,0,0,0,0,0,0,0,0,1,0,0,1,0,0
368470546,23.54936,23.681025,0.0,3.5e-44,-1.0,0.000497488,0.6387678,1.0640622,nan,6,3.9468374,3.9468374,3.9468374,3.9468374,3.9468374,3.9468374,0.0,0.0,0.0,0.0,0.0,0.0,0.0,0.0,0.0,0.0,0.0,0.0,0.0,0.0,0,0,0,0,0,0,0,0,0,0,0,1,0,0,1,0,0
368671957,23.491863,23.658766,0.0,3.5e-44,-1.0,0.000497488,0.6334682,1.0650632,nan,6,3.9431276,3.9431276,3.9431276,3.9431276,3.9431276,3.9431276,0.0,0.0,0.0,0.0,0.0,0.0,0.0,0.0,0.0,0.0,0.0,0.0,0.0,0.0,0,0,0,0,0,0,0,0,0,0,0,1,0,0,1,0,0
368870541,23.590431,23.64753,0.0,3.5e-44,-1.0,0.000497488,0.6307927,1.0655693,nan,6,3.9412549,3.9412549,3.9412549,3.9412549,3.9412549,3.9412549,0.0,0.0,0.0,0.0,0.0,0.0,0.0,0.0,0.0,0.0,0.0,0.0,0.0,0.0,0,0,0,0,0,0,0,0,0,0,0,1,0,0,1,0,0
369072325,23.639713,23.635277,0.0,3.5e-44,-1.0,0.000497488,0.6278754,1.0661217,nan,6,3.9392128,3.9392128,3.9392128,3.9392128,3.9392128,3.9392128,0.0,0.0,0.0,0.0,0.0,0.0,0.0,0.0,0.0,0.0,0.0,0.0,0.0,0.0,0,0,0,0,0,0,0,0,0,0,0,1,0,0,1,0,0
369270548,23.48365,23.63611,0.0,3.5e-44,-1.0,0.000497488,0.6280742,1.066084,nan,6,3.9393518,3.9393518,3.9393518,3.9393518,3.9393518,3.9393518,0.0,0.0,0.0,0.0,0.0,0.0,0.0,0.0,0.0,0.0,0.0,0.0,0.0,0.0,0,0,0,0,0,0,0,0,0,0,0,1,0,0,1,0,0
369471681,23.779352,23.633474,0.0,3.5e-44,-1.0,0.000497488,0.62744623,1.066203,nan,6,3.9389124,3.9389124,3.9389124,3.9389124,3.9389124,3.9389124,0.0,0.0,0.0,0.0,0.0,0.0,0.0,0.0,0.0,0.0,0.0,0.0,0.0,0.0,0,0,0,0,0,0,0,0,0,0,0,1,0,0,1,0,0
369670573,23.532934,23.622475,0.0,3.5e-44,-1.0,0.000497488,0.62482744,1.0666994,nan,6,3.9370792,3.9370792,3.9370792,3.9370792,3.9370792,3.9370792,0.0,0.0,0.0,0.0,0.0,0.0,0.0,0.0,0.0,0.0,0.0,0.0,0.0,0.0,0,0,0,0,0,0,0,0,0,0,0,1,0,0,1,0,0
369870545,23.426151,23.61873,0.0,3.5e-44,-1.0,0.000497488,0.62393576,1.0668685,nan,6,3.936455,3.936455,3.936455,3.936455,3.936455,3.936455,0.0,0.0,0.0,0.0,0.0,0.0,0.0,0.0,0.0,0.0,0.0,0.0,0.0,0.0,0,0,0,0,0,0,0,0,0,0,0,1,0,0,1,0,0
370070591,23.516504,23.598627,0.0,3.5e-44,-1.0,0.000497488,0.61914927,1.0677773,nan,6,3.9331045,3.9331045,3.9331045,3.9331045,3.9331045,3.9331045,0.0,0.0,0.0,0.0,0.0,0.0,0.0,0.0,0.0,0.0,0.0,0.0,0.0,0.0,0,0,0,0,0,0,0,0,0,0,0,1,0,0,1,0,0
370270613,23.434364,23.596888,0.0,3.5e-44,-1.0,0.000497488,0.6187354,1.067856,nan,6,3.9328146,3.9328146,3.9328146,3.9328146,3.9328146,3.9328146,0.0,0.0,0.0,0.0,0.0,0.0,0.0,0.0,0.0,0.0,0.0,0.0,0.0,0.0,0,0,0,0,0,0,0,0,0,0,0,1,0,0,1,0,0
370470917,23.64793,23.589245,0.0,3.5e-44,-1.0,0.000497488,0.6169153,1.0682019,nan,6,3.9315407,3.9315407,3.9315407,3.9315407,3.9315407,3.9315407,0.0,0.0,0.0,0.0,0.0,0.0,0.0,0.0,0.0,0.0,0.0,0.0,0.0,0.0,0,0,0,0,0,0,0,0,0,0,0,1,0,0,1,0,0
370670588,23.656143,23.58375,0.0,3.5e-44,-1.0,0.000497488,0.6156073,1.0684508,nan,6,3.930625,3.930625,3.930625,3.930625,3.930625,3.930625,0.0,0.0,0.0,0.0,0.0,0.0,0.0,0.0,0.0,0.0,0.0,0.0,0.0,0.0,0,0,0,0,0,0,0,0,0,0,0,1,0,0,1,0,0
370870945,23.615072,23.587723,0.0,3.5e-44,-1.0,0.000497488,0.6165529,1.0682708,nan,6,3.931287,3.931287,3.931287,3.931287,3.931287,3.931287,0.0,0.0,0.0,0.0,0.0,0.0,0.0,0.0,0.0,0.0,0.0,0.0,0.0,0.0,0,0,0,0,0,0,0,0,0,0,0,1,0,0,1,0,0
371070606,23.705425,23.587383,0.0,3.5e-44,-1.0,0.000497488,0.6164723,1.0682862,nan,6,3.9312305,3.9312305,3.9312305,3.9312305,3.9312305,3.9312305,0.0,0.0,0.0,0.0,0.0,0.0,0.0,0.0,0.0,0.0,0.0,0.0,0.0,0.0,0,0,0,0,0,0,0,0,0,0,0,1,0,0,1,0,0
371270554,23.393295,23.58248,0.0,3.5e-44,-1.0,0.000497488,0.6153045,1.0685084,nan,6,3.9304132,3.9304132,3.9304132,3.9304132,3.9304132,3.9304132,0.0,0.0,0.0,0.0,0.0,0.0,0.0,0.0,0.0,0.0,0.0,0.0,0.0,0.0,0,0,0,0,0,0,0,0,0,0,0,1,0,0,1,0,0
371470701,23.541147,23.580564,0.0,3.5e-44,-1.0,0.000497488,0.6148487,1.0685952,nan,6,3.930094,3.930094,3.930094,3.930094,3.930094,3.930094,0.0,0.0,0.0,0.0,0.0,0.0,0.0,0.0,0.0,0.0,0.0,0.0,0.0,0.0,0,0,0,0,0,0,0,0,0,0,0,1,0,0,1,0,0
371671321,23.656143,23.585705,0.0,3.5e-44,-1.0,0.000497488,0.6160727,1.0683622,nan,6,3.9309509,3.9309509,3.9309509,3.9309509,3.9309509,3.9309509,0.0,0.0,0.0,0.0,0.0,0.0,0.0,0.0,0.0,0.0,0.0,0.0,0.0,0.0,0,0,0,0,0,0,0,0,0,0,0,1,0,0,1,0,0
371870667,23.557573,23.588224,0.0,3.5e-44,-1.0,0.000497488,0.6166726,1.0682482,nan,6,3.9313707,3.9313707,3.9313707,3.9313707,3.9313707,3.9313707,0.0,0.0,0.0,0.0,0.0,0.0,0.0,0.0,0.0,0.0,0.0,0.0,0.0,0.0,0,0,0,0,0,0,0,0,0,0,0,1,0,0,1,0,0
372070923,23.918987,23.591433,0.0,3.5e-44,-1.0,0.000497488,0.61743647,1.0681028,nan,6,3.9319055,3.9319055,3.9319055,3.9319055,3.9319055,3.9319055,0.0,0.0,0.0,0.0,0.0,0.0,0.0,0.0,0.0,0.0,0.0,0.0,0.0,0.0,0,0,0,0,0,0,0,0,0,0,0,1,0,0,1,0,0
372270802,23.639713,23.597092,0.0,3.5e-44,-1.0,0.000497488,0.618784,1.0678467,nan,6,3.9328487,3.9328487,3.9328487,3.9328487,3.9328487,3.9328487,0.0,0.0,0.0,0.0,0.0,0.0,0.0,0.0,0.0,0.0,0.0,0.0,0.0,0.0,0,0,0,0,0,0,0,0,0,0,0,1,0,0,1,0,0
372471657,23.590431,23.60034,0.0,3.5e-44,-1.0,0.000497488,0.61955696,1.0676998,nan,6,3.93339,3.93339,3.93339,3.93339,3.93339,3.93339,0.0,0.0,0.0,0.0,0.0,0.0,0.0,0.0,0.0,0.0,0.0,0.0,0.0,0.0,0,0,0,0,0,0,0,0,0,0,0,1,0,0,1,0,0
372670770,23.319372,23.59926,0.0,3.5e-44,-1.0,0.000497488,0.6193004,1.0677485,nan,6,3.9332101,3.9332101,3.9332101,3.9332101,3.9332101,3.9332101,0.0,0.0,0.0,0.0,0.0,0.0,0.0,0.0,0.0,0.0,0.0,0.0,0.0,0.0,0,0,0,0,0,0,0,0,0,0,0,1,0,0,1,0,0
372871891,23.54936,23.599274,0.0,3.5e-44,-1.0,0.000497488,0.6193033,1.067748,nan,6,3.9332123,3.9332123,3.9332123,3.9332123,3.9332123,3.9332123,0.0,0.0,0.0,0.0,0.0,0.0,0.0,0.0,0.0,0.0,0.0,0.0,0.0,0.0,0,0,0,0,0,0,0,0,0,0,0,1,0,0,1,0,0
373070541,23.516504,23.593569,0.0,3.5e-44,-1.0,0.000497488,0.61794525,1.0680062,nan,6,3.9322615,3.9322615,3.9322615,3.9322615,3.9322615,3.9322615,0.0,0.0,0.0,0.0,0.0,0.0,0.0,0.0,0.0,0.0,0.0,0.0,0.0,0.0,0,0,0,0,0,0,0,0,0,0,0,1,0,0,1,0,0
373271927,23.360441,23.592514,0.0,3.5e-44,-1.0,0.000497488,0.61769396,1.0680538,nan,6,3.9320858,3.9320858,3.9320858,3.9320858,3.9320858,3.9320858,0.0,0.0,0.0,0.0,0.0,0.0,0.0,0.0,0.0,0.0,0.0,0.0,0.0,0.0,0,0,0,0,0,0,0,0,0,0,0,1,0,0,1,0,0
373470608,23.598644,23.591469,0.0,3.5e-44,-1.0,0.000497488,0.61744505,1.0681012,nan,6,3.9319115,3.9319115,3.9319115,3.9319115,3.9319115,3.9319115,0.0,0.0,0.0,0.0,0.0,0.0,0.0,0.0,0.0,0.0,0.0,0.0,0.0,0.0,0,0,0,0,0,0,0,0,0,0,0,1,0,0,1,0,0
373671707,23.220802,23.58564,0.0,3.5e-44,-1.0,0.000497488,0.616057,1.0683652,nan,6,3.93094,3.93094,3.93094,3.93094,3.93094,3.93094,0.0,0.0,0.0,0.0,0.0,0.0,0.0,0.0,0.0,0.0,0.0,0.0,0.0,0.0,0,0,0,0,0,0,0,0,0,0,0,1,0,0,1,0,0
373870567,23.656143,23.58107,0.0,3.5e-44,-1.0,0.000497488,0.6149693,1.0685722,nan,6,3.9301784,3.9301784,3.9301784,3.9301784,3.9301784,3.9301784,0.0,0.0,0.0,0.0,0.0,0.0,0.0,0.0,0.0,0.0,0.0,0.0,0.0,0.0,0,0,0,0,0,0,0,0,0,0,0,1,0,0,1,0,0
374072325,23.623287,23.578451,0.0,3.5e-44,-1.0,0.000497488,0.6143456,1.0686909,nan,6,3.9297419,3.9297419,3.9297419,3.9297419,3.9297419,3.9297419,0.0,0.0,0.0,0.0,0.0,0.0,0.0,0.0,0.0,0.0,0.0,0.0,0.0,0.0,0,0,0,0,0,0,0,0,0,0,0,1,0,0,1,0,0
374270586,23.541147,23.576115,0.0,3.5e-44,-1.0,0.000497488,0.6137896,1.0687968,nan,6,3.9293525,3.9293525,3.9293525,3.9293525,3.9293525,3.9293525,0.0,0.0,0.0,0.0,0.0,0.0,0.0,0.0,0.0,0.0,0.0,0.0,0.0,0.0,0,0,0,0,0,0,0,0,0,0,0,1,0,0,1,0,0
374470541,23.360441,23.57496,0.0,3.5e-44,-1.0,0.000497488,0.6135145,1.0688491,nan,6,3.92916,3.92916,3.92916,3.92916,3.92916,3.92916,0.0,0.0,0.0,0.0,0.0,0.0,0.0,0.0,0.0,0.0,0.0,0.0,0.0,0.0,0,0,0,0,0,0,0,0,0,0,0,1,0,0,1,0,0
374670692,23.475435,23.571392,0.0,3.5e-44,-1.0,0.000497488,0.6138349,1.068788,nan,6,3.9285653,3.9285653,3.9285653,3.9285653,3.9285653,3.9285653,0.0,0.0,0.0,0.0,0.0,0.0,0.0,0.0,0.0,0.0,0.0,0.0,0.0,0.0,0,0,0,0,0,0,0,0,0,0,0,1,0,0,1,0,0
374870598,23.368654,23.573917,0.0,3.5e-44,-1.0,0.000497488,0.6179486,1.0680056,nan,6,3.9289863,3.9289863,3.9289863,3.9289863,3.9289863,3.9289863,0.0,0.0,0.0,0.0,0.0,0.0,0.0,0.0,0.0,0.0,0.0,0.0,0.0,0.0,0,0,0,0,0,0,0,0,0,0,0,1,0,0,1,0,0
375070732,23.368654,23.55172,0.0,3.5e-44,-1.0,0.000497488,0.61857945,1.0678855,nan,6,3.9252865,3.9252865,3.9252865,3.9252865,3.9252865,3.9252865,0.0,0.0,0.0,0.0,0.0,0.0,0.0,0.0,0.0,0.0,0.0,0.0,0.0,0.0,0,0,0,0,0,0,0,0,0,0,0,1,0,0,1,0,0
375270541,23.426151,23.529219,0.0,3.5e-44,-1.0,0.000497488,0.6215802,1.0673156,nan,6,3.9215364,3.9215364,3.9215364,3.9215364,3.9215364,3.9215364,0.0,0.0,0.0,0.0,0.0,0.0,0.0,0.0,0.0,0.0,0.0,0.0,0.0,0.0,0,0,0,0,0,0,0,0,0,0,0,1,0,0,1,0,0
375471129,23.196163,23.478125,0.0,3.5e-44,-1.0,0.000497488,0.6202379,1.0675704,nan,6,3.9130208,3.9130208,3.9130208,3.9130208,3.9130208,3.9130208,0.0,0.0,0.0,0.0,0.0,0.0,0.0,0.0,0.0,0.0,0.0,0.0,0.0,0.0,0,0,0,0,0,0,0,0,0,0,0,1,0,0,1,0,0
375670578,23.031883,23.414385,0.0,3.5e-44,-1.0,0.000497488,0.6188126,1.0678413,nan,6,3.9023974,3.9023974,3.9023974,3.9023974,3.9023974,3.9023974,0.0,0.0,0.0,0.0,0.0,0.0,0.0,0.0,0.0,0.0,0.0,0.0,0.0,0.0,0,0,0,0,0,0,0,0,0,0,0,1,0,0,1,0,0
375871338,22.662256,23.3202,0.0,3.5e-44,-1.0,0.000497488,0.61259896,1.0690235,nan,6,3.8867,3.8867,3.8867,3.8867,3.8867,3.8867,0.0,0.0,0.0,0.0,0.0,0.0,0.0,0.0,0.0,0.0,0.0,0.0,0.0,0.0,0,0,0,0,0,0,0,0,0,0,0,1,0,0,1,0,0
376070618,22.744396,23.202402,0.0,3.5e-44,-1.0,0.000497488,0.6026183,1.0709279,nan,6,3.867067,3.867067,3.867067,3.867067,3.867067,3.867067,0.0,0.0,0.0,0.0,0.0,0.0,0.0,0.0,0.0,0.0,0.0,0.0,0.0,0.0,0,0,0,0,0,0,0,0,0,0,0,1,0,0,1,0,0
376271280,22.884031,23.126928,0.0,3.5e-44,-1.0,0.000497488,0.59857136,1.0717019,nan,6,3.8544881,3.8544881,3.8544881,3.8544881,3.8544881,3.8544881,0.0,0.0,0.0,0.0,0.0,0.0,0.0,0.0,0.0,0.0,0.0,0.0,0.0,0.0,0,0,0,0,0,0,0,0,0,0,0,1,0,0,1,0,0
376470615,22.974384,23.122828,0.0,3.5e-44,-1.0,0.000497488,0.6051398,1.070446,nan,6,3.8538046,3.8538046,3.8538046,3.8538046,3.8538046,3.8538046,0.0,0.0,0.0,0.0,0.0,0.0,0.0,0.0,0.0,0.0,0.0,0.0,0.0,0.0,0,0,0,0,0,0,0,0,0,0,0,1,0,0,1,0,0
376671569,23.064737,23.081617,0.0,3.5e-44,-1.0,0.000497488,0.60196215,1.0710533,nan,6,3.8469362,3.8469362,3.8469362,3.8469362,3.8469362,3.8469362,0.0,0.0,0.0,0.0,0.0,0.0,0.0,0.0,0.0,0.0,0.0,0.0,0.0,0.0,0,0,0,0,0,0,0,0,0,0,0,1,0,0,1,0,0
376870773,22.83475,23.059849,0.0,3.5e-44,-1.0,0.000497488,0.60191876,1.0710615,nan,6,3.8433082,3.8433082,3.8433082,3.8433082,3.8433082,3.8433082,0.0,0.0,0.0,0.0,0.0,0.0,0.0,0.0,0.0,0.0,0.0,0.0,0.0,0.0,0,0,0,0,0,0,0,0,0,0,0,1,0,0,1,0,0
377071269,22.851175,23.036373,0.0,3.5e-44,-1.0,0.000497488,0.6011873,1.0712014,nan,6,3.8393955,3.8393955,3.8393955,3.8393955,3.8393955,3.8393955,0.0,0.0,0.0,0.0,0.0,0.0,0.0,0.0,0.0,0.0,0.0,0.0,0.0,0.0,0,0,0,0,0,0,0,0,0,0,0,1,0,0,1,0,0
377270546,22.6294,23.026743,0.0,3.5e-44,-1.0,0.000497488,0.60176235,1.0710915,nan,6,3.8377905,3.8377905,3.8377905,3.8377905,3.8377905,3.8377905,0.0,0.0,0.0,0.0,0.0,0.0,0.0,0.0,0.0,0.0,0.0,0.0,0.0,0.0,0,0,0,0,0,0,0,0,0,0,0,1,0,0,1,0,0
377471768,22.588331,23.002108,0.0,3.5e-44,-1.0,0.000497488,0.59933096,1.0715566,nan,6,3.8336847,3.8336847,3.8336847,3.8336847,3.8336847,3.8336847,0.0,0.0,0.0,0.0,0.0,0.0,0.0,0.0,0.0,0.0,0.0,0.0,0.0,0.0,0,0,0,0,0,0,0,0,0,0,0,1,0,0,1,0,0
377670560,23.040098,22.982191,0.0,3.5e-44,-1.0,0.000497488,0.5977641,1.0718565,nan,6,3.8303652,3.8303652,3.8303652,3.8303652,3.8303652,3.8303652,0.0,0.0,0.0,0.0,0.0,0.0,0.0,0.0,0.0,0.0,0.0,0.0,0.0,0.0,0,0,0,0,0,0,0,0,0,0,0,1,0,0,1,0,0
377872291,22.867605,22.961292,0.0,3.5e-44,-1.0,0.000497488,0.59542423,1.0723047,nan,6,3.8268821,3.8268821,3.8268821,3.8268821,3.8268821,3.8268821,0.0,0.0,0.0,0.0,0.0,0.0,0.0,0.0,0.0,0.0,0.0,0.0,0.0,0.0,0,0,0,0,0,0,0,0,0,0,0,1,0,0,1,0,0
378070683,23.138664,22.92647,0.0,3.5e-44,-1.0,0.000497488,0.5911456,1.0731252,nan,6,3.8210783,3.8210783,3.8210783,3.8210783,3.8210783,3.8210783,0.0,0.0,0.0,0.0,0.0,0.0,0.0,0.0,0.0,0.0,0.0,0.0,0.0,0.0,0,0,0,0,0,0,0,0,0,0,0,1,0,0,1,0,0
378271787,22.727966,22.927324,0.0,3.5e-44,-1.0,0.000497488,0.5925246,1.0728607,nan,6,3.8212206,3.8212206,3.8212206,3.8212206,3.8212206,3.8212206,0.0,0.0,0.0,0.0,0.0,0.0,0.0,0.0,0.0,0.0,0.0,0.0,0.0,0.0,0,0,0,0,0,0,0,0,0,0,0,1,0,0,1,0,0
378470766,22.867605,22.933943,0.0,3.5e-44,-1.0,0.000497488,0.5949674,1.0723923,nan,6,3.8223238,3.8223238,3.8223238,3.8223238,3.8223238,3.8223238,0.0,0.0,0.0,0.0,0.0,0.0,0.0,0.0,0.0,0.0,0.0,0.0,0.0,0.0,0,0,0,0,0,0,0,0,0,0,0,1,0,0,1,0,0
378670575,22.810106,22.92783,0.0,3.5e-44,-1.0,0.000497488,0.5940967,1.0725592,nan,6,3.821305,3.821305,3.821305,3.821305,3.821305,3.821305,0.0,0.0,0.0,0.0,0.0,0.0,0.0,0.0,0.0,0.0,0.0,0.0,0.0,0.0,0,0,0,0,0,0,0,0,0,0,0,1,0,0,1,0,0
378870679,23.00724,22.91841,0.0,3.5e-44,-1.0,0.000497488,0.59286696,1.072795,nan,6,3.8197348,3.8197348,3.8197348,3.8197348,3.8197348,3.8197348,0.0,0.0,0.0,0.0,0.0,0.0,0.0,0.0,0.0,0.0,0.0,0.0,0.0,0.0,0,0,0,0,0,0,0,0,0,0,0,1,0,0,1,0,0
379070552,23.056524,22.920576,0.0,3.5e-44,-1.0,0.000497488,0.593865,1.0726036,nan,6,3.820096,3.820096,3.820096,3.820096,3.820096,3.820096,0.0,0.0,0.0,0.0,0.0,0.0,0.0,0.0,0.0,0.0,0.0,0.0,0.0,0.0,0,0,0,0,0,0,0,0,0,0,0,1,0,0,1,0,0
379270753,23.031883,22.907207,0.0,3.5e-44,-1.0,0.000497488,0.5912166,1.0731117,nan,6,3.817868,3.817868,3.817868,3.817868,3.817868,3.817868,0.0,0.0,0.0,0.0,0.0,0.0,0.0,0.0,0.0,0.0,0.0,0.0,0.0,0.0,0,0,0,0,0,0,0,0,0,0,0,1,0,0,1,0,0
379470541,22.990814,22.8778,0.0,3.5e-44,-1.0,0.000497488,0.5860763,1.0740992,nan,6,3.8129666,3.8129666,3.8129666,3.8129666,3.8129666,3.8129666,0.0,0.0,0.0,0.0,0.0,0.0,0.0,0.0,0.0,0.0,0.0,0.0,0.0,0.0,0,0,0,0,0,0,0,0,0,0,0,1,0,0,1,0,0
379670776,22.842962,22.8853,0.0,3.5e-44,-1.0,0.000497488,0.5866633,1.0739863,nan,6,3.8142166,3.8142166,3.8142166,3.8142166,3.8142166,3.8142166,0.0,0.0,0.0,0.0,0.0,0.0,0.0,0.0,0.0,0.0,0.0,0.0,0.0,0.0,0,0,0,0,0,0,0,0,0,0,0,1,0,0,1,0,0
379870591,22.785465,22.877186,0.0,3.5e-44,-1.0,0.000497488,0.58471686,1.0743606,nan,6,3.8128643,3.8128643,3.8128643,3.8128643,3.8128643,3.8128643,0.0,0.0,0.0,0.0,0.0,0.0,0.0,0.0,0.0,0.0,0.0,0.0,0.0,0.0,0,0,0,0,0,0,0,0,0,0,0,1,0,0,1,0,0
380070981,22.810106,22.866035,0.0,3.5e-44,-1.0,0.000497488,0.5823937,1.0748078,nan,6,3.8110058,3.8110058,3.8110058,3.8110058,3.8110058,3.8110058,0.0,0.0,0.0,0.0,0.0,0.0,0.0,0.0,0.0,0.0,0.0,0.0,0.0,0.0,0,0,0,0,0,0,0,0,0,0,0,1,0,0,1,0,0
380270537,22.662256,22.828762,0.0,3.5e-44,-1.0,0.000497488,0.57563025,1.0761116,nan,6,3.8047936,3.8047936,3.8047936,3.8047936,3.8047936,3.8047936,0.0,0.0,0.0,0.0,0.0,0.0,0.0,0.0,0.0,0.0,0.0,0.0,0.0,0.0,0,0,0,0,0,0,0,0,0,0,0,1,0,0,1,0,0
380471197,22.769037,22.816074,0.0,3.5e-44,-1.0,0.000497488,0.57474,1.0762833,nan,6,3.802679,3.802679,3.802679,3.802679,3.802679,3.802679,0.0,0.0,0.0,0.0,0.0,0.0,0.0,0.0,0.0,0.0,0.0,0.0,0.0,0.0,0,0,0,0,0,0,0,0,0,0,0,1,0,0,1,0,0
380670560,23.056524,22.816858,0.0,3.5e-44,-1.0,0.000497488,0.57549006,1.0761385,nan,6,3.8028097,3.8028097,3.8028097,3.8028097,3.8028097,3.8028097,0.0,0.0,0.0,0.0,0.0,0.0,0.0,0.0,0.0,0.0,0.0,0.0,0.0,0.0,0,0,0,0,0,0,0,0,0,0,0,1,0,0,1,0,0
380871004,22.604757,22.812479,0.0,3.5e-44,-1.0,0.000497488,0.57345587,1.0765314,nan,6,3.80208,3.80208,3.80208,3.80208,3.80208,3.80208,0.0,0.0,0.0,0.0,0.0,0.0,0.0,0.0,0.0,0.0,0.0,0.0,0.0,0.0,0,0,0,0,0,0,0,0,0,0,0,1,0,0,1,0,0
381070800,22.83475,22.80624,0.0,3.5e-44,-1.0,0.000497488,0.57213885,1.0767858,nan,6,3.80104,3.80104,3.80104,3.80104,3.80104,3.80104,0.0,0.0,0.0,0.0,0.0,0.0,0.0,0.0,0.0,0.0,0.0,0.0,0.0,0.0,0,0,0,0,0,0,0,0,0,0,0,1,0,0,1,0,0
381271922,22.974384,22.81619,0.0,3.5e-44,-1.0,0.000497488,0.5732084,1.0765791,nan,6,3.8026984,3.8026984,3.8026984,3.8026984,3.8026984,3.8026984,0.0,0.0,0.0,0.0,0.0,0.0,0.0,0.0,0.0,0.0,0.0,0.0,0.0,0.0,0,0,0,0,0,0,0,0,0,0,0,1,0,0,1,0,0
381470577,22.925102,22.85748,0.0,3.5e-44,-1.0,0.000497488,0.5794831,1.0753684,nan,6,3.8095798,3.8095798,3.8095798,3.8095798,3.8095798,3.8095798,0.0,0.0,0.0,0.0,0.0,0.0,0.0,0.0,0.0,0.0,0.0,0.0,0.0,0.0,0,0,0,0,0,0,0,0,0,0,0,1,0,0,1,0,0
381671956,22.842962,22.833988,0.0,3.5e-44,-1.0,0.000497488,0.5741964,1.0763882,nan,6,3.8056648,3.8056648,3.8056648,3.8056648,3.8056648,3.8056648,0.0,0.0,0.0,0.0,0.0,0.0,0.0,0.0,0.0,0.0,0.0,0.0,0.0,0.0,0,0,0,0,0,0,0,0,0,0,0,1,0,0,1,0,0
381870550,22.801893,22.832478,0.0,3.5e-44,-1.0,0.000497488,0.5741635,1.0763947,nan,6,3.805413,3.805413,3.805413,3.805413,3.805413,3.805413,0.0,0.0,0.0,0.0,0.0,0.0,0.0,0.0,0.0,0.0,0.0,0.0,0.0,0.0,0,0,0,0,0,0,0,0,0,0,0,1,0,0,1,0,0
382072171,22.596544,22.83356,0.0,3.5e-44,-1.0,0.000497488,0.5740605,1.0764146,nan,6,3.8055935,3.8055935,3.8055935,3.8055935,3.8055935,3.8055935,0.0,0.0,0.0,0.0,0.0,0.0,0.0,0.0,0.0,0.0,0.0,0.0,0.0,0.0,0,0,0,0,0,0,0,0,0,0,0,1,0,0,1,0,0
382270592,22.90046,22.839651,0.0,3.5e-44,-1.0,0.000497488,0.5753575,1.0761641,nan,6,3.8066084,3.8066084,3.8066084,3.8066084,3.8066084,3.8066084,0.0,0.0,0.0,0.0,0.0,0.0,0.0,0.0,0.0,0.0,0.0,0.0,0.0,0.0,0,0,0,0,0,0,0,0,0,0,0,1,0,0,1,0,0
382472395,22.719753,22.828262,0.0,3.5e-44,-1.0,0.000497488,0.5733662,1.0765487,nan,6,3.8047104,3.8047104,3.8047104,3.8047104,3.8047104,3.8047104,0.0,0.0,0.0,0.0,0.0,0.0,0.0,0.0,0.0,0.0,0.0,0.0,0.0,0.0,0,0,0,0,0,0,0,0,0,0,0,1,0,0,1,0,0
382670644,22.37477,22.778702,0.0,3.5e-44,-1.0,0.000497488,0.5646773,1.0782297,nan,6,3.7964504,3.7964504,3.7964504,3.7964504,3.7964504,3.7964504,0.0,0.0,0.0,0.0,0.0,0.0,0.0,0.0,0.0,0.0,0.0,0.0,0.0,0.0,0,0,0,0,0,0,0,0,0,0,0,1,0,0,1,0,0
382872360,22.654041,22.778416,0.0,3.5e-44,-1.0,0.000497488,0.5667301,1.077832,nan,6,3.7964027,3.7964027,3.7964027,3.7964027,3.7964027,3.7964027,0.0,0.0,0.0,0.0,0.0,0.0,0.0,0.0,0.0,0.0,0.0,0.0,0.0,0.0,0,0,0,0,0,0,0,0,0,0,0,1,0,0,1,0,0
383070601,22.69511,22.784334,0.0,3.5e-44,-1.0,0.000497488,0.5674849,1.0776858,nan,6,3.797389,3.797389,3.797389,3.797389,3.797389,3.797389,0.0,0.0,0.0,0.0,0.0,0.0,0.0,0.0,0.0,0.0,0.0,0.0,0.0,0.0,0,0,0,0,0,0,0,0,0,0,0,1,0,0,1,0,0
383270532,23.064737,22.781237,0.0,3.5e-44,-1.0,0.000497488,0.56617695,1.0779392,nan,6,3.7968729,3.7968729,3.7968729,3.7968729,3.7968729,3.7968729,0.0,0.0,0.0,0.0,0.0,0.0,0.0,0.0,0.0,0.0,0.0,0.0,0.0,0.0,0,0,0,0,0,0,0,0,0,0,0,1,0,0,1,0,0
383470656,22.744396,22.778429,0.0,3.5e-44,-1.0,0.000497488,0.5653005,1.0781089,nan,6,3.7964048,3.7964048,3.7964048,3.7964048,3.7964048,3.7964048,0.0,0.0,0.0,0.0,0.0,0.0,0.0,0.0,0.0,0.0,0.0,0.0,0.0,0.0,0,0,0,0,0,0,0,0,0,0,0,1,0,0,1,0,0
383670588,22.760822,22.785807,0.0,3.5e-44,-1.0,0.000497488,0.56690365,1.0777984,nan,6,3.7976344,3.7976344,3.7976344,3.7976344,3.7976344,3.7976344,0.0,0.0,0.0,0.0,0.0,0.0,0.0,0.0,0.0,0.0,0.0,0.0,0.0,0.0,0,0,0,0,0,0,0,0,0,0,0,1,0,0,1,0,0
383870868,22.85939,22.775282,0.0,3.5e-44,-1.0,0.000497488,0.5645395,1.0782562,nan,6,3.7958803,3.7958803,3.7958803,3.7958803,3.7958803,3.7958803,0.0,0.0,0.0,0.0,0.0,0.0,0.0,0.0,0.0,0.0,0.0,0.0,0.0,0.0,0,0,0,0,0,0,0,0,0,0,0,1,0,0,1,0,0
384070596,22.73618,22.789572,0.0,3.5e-44,-1.0,0.000497488,0.56646687,1.077883,nan,6,3.798262,3.798262,3.798262,3.798262,3.798262,3.798262,0.0,0.0,0.0,0.0,0.0,0.0,0.0,0.0,0.0,0.0,0.0,0.0,0.0,0.0,0,0,0,0,0,0,0,0,0,0,0,1,0,0,1,0,0
384271236,22.851175,22.779312,0.0,3.5e-44,-1.0,0.000497488,0.5644651,1.0782708,nan,6,3.796552,3.796552,3.796552,3.796552,3.796552,3.796552,0.0,0.0,0.0,0.0,0.0,0.0,0.0,0.0,0.0,0.0,0.0,0.0,0.0,0.0,0,0,0,0,0,0,0,0,0,0,0,1,0,0,1,0,0
384470553,22.90046,22.799507,0.0,3.5e-44,-1.0,0.000497488,0.56707865,1.0777645,nan,6,3.799918,3.799918,3.799918,3.799918,3.799918,3.799918,0.0,0.0,0.0,0.0,0.0,0.0,0.0,0.0,0.0,0.0,0.0,0.0,0.0,0.0,0,0,0,0,0,0,0,0,0,0,0,1,0,0,1,0,0
384671369,22.69511,22.77626,0.0,3.5e-44,-1.0,0.000497488,0.5625339,1.0786451,nan,6,3.7960434,3.7960434,3.7960434,3.7960434,3.7960434,3.7960434,0.0,0.0,0.0,0.0,0.0,0.0,0.0,0.0,0.0,0.0,0.0,0.0,0.0,0.0,0,0,0,0,0,0,0,0,0,0,0,1,0,0,1,0,0
384870812,22.71154,22.774988,0.0,3.5e-44,-1.0,0.000497488,0.562347,1.0786813,nan,6,3.7958314,3.7958314,3.7958314,3.7958314,3.7958314,3.7958314,0.0,0.0,0.0,0.0,0.0,0.0,0.0,0.0,0.0,0.0,0.0,0.0,0.0,0.0,0,0,0,0,0,0,0,0,0,0,0,1,0,0,1,0,0
385071637,22.85939,22.787014,0.0,3.5e-44,-1.0,0.000497488,0.56463486,1.0782378,nan,6,3.7978356,3.7978356,3.7978356,3.7978356,3.7978356,3.7978356,0.0,0.0,0.0,0.0,0.0,0.0,0.0,0.0,0.0,0.0,0.0,0.0,0.0,0.0,0,0,0,0,0,0,0,0,0,0,0,1,0,0,1,0,0
385270770,22.884031,22.797094,0.0,3.5e-44,-1.0,0.000497488,0.5661107,1.0779519,nan,6,3.7995157,3.7995157,3.7995157,3.7995157,3.7995157,3.7995157,0.0,0.0,0.0,0.0,0.0,0.0,0.0,0.0,0.0,0.0,0.0,0.0,0.0,0.0,0,0,0,0,0,0,0,0,0,0,0,1,0,0,1,0,0
385471514,22.604757,22.804949,0.0,3.5e-44,-1.0,0.000497488,0.5660067,1.077972,nan,6,3.8008249,3.8008249,3.8008249,3.8008249,3.8008249,3.8008249,0.0,0.0,0.0,0.0,0.0,0.0,0.0,0.0,0.0,0.0,0.0,0.0,0.0,0.0,0,0,0,0,0,0,0,0,0,0,0,1,0,0,1,0,0
385670759,22.966171,22.81838,0.0,3.5e-44,-1.0,0.000497488,0.5671235,1.0777559,nan,6,3.8030634,3.8030634,3.8030634,3.8030634,3.8030634,3.8030634,0.0,0.0,0.0,0.0,0.0,0.0,0.0,0.0,0.0,0.0,0.0,0.0,0.0,0.0,0,0,0,0,0,0,0,0,0,0,0,1,0,0,1,0,0
385871326,22.637613,22.788073,0.0,3.5e-44,-1.0,0.000497488,0.56080014,1.0789814,nan,6,3.798012,3.798012,3.798012,3.798012,3.798012,3.798012,0.0,0.0,0.0,0.0,0.0,0.0,0.0,0.0,0.0,0.0,0.0,0.0,0.0,0.0,0,0,0,0,0,0,0,0,0,0,0,1,0,0,1,0,0
386070530,22.892246,22.7791,0.0,3.5e-44,-1.0,0.000497488,0.55970293,1.0791943,nan,6,3.7965167,3.7965167,3.7965167,3.7965167,3.7965167,3.7965167,0.0,0.0,0.0,0.0,0.0,0.0,0.0,0.0,0.0,0.0,0.0,0.0,0.0,0.0,0,0,0,0,0,0,0,0,0,0,0,1,0,0,1,0,0
386272144,22.497978,22.776316,0.0,3.5e-44,-1.0,0.000497488,0.559413,1.0792506,nan,6,3.7960527,3.7960527,3.7960527,3.7960527,3.7960527,3.7960527,0.0,0.0,0.0,0.0,0.0,0.0,0.0,0.0,0.0,0.0,0.0,0.0,0.0,0.0,0,0,0,0,0,0,0,0,0,0,0,1,0,0,1,0,0
386470589,22.407623,22.732185,0.0,3.5e-44,-1.0,0.000497488,0.5517307,1.080744,nan,6,3.7886975,3.7886975,3.7886975,3.7886975,3.7886975,3.7886975,0.0,0.0,0.0,0.0,0.0,0.0,0.0,0.0,0.0,0.0,0.0,0.0,0.0,0.0,0,0,0,0,0,0,0,0,0,0,0,1,0,0,1,0,0
386672157,22.703327,22.688265,0.0,3.5e-44,-1.0,0.000497488,0.54637057,1.0817884,nan,6,3.7813776,3.7813776,3.7813776,3.7813776,3.7813776,3.7813776,0.0,0.0,0.0,0.0,0.0,0.0,0.0,0.0,0.0,0.0,0.0,0.0,0.0,0.0,0,0,0,0,0,0,0,0,0,0,0,1,0,0,1,0,0
386870620,22.908674,22.710178,0.0,3.5e-44,-1.0,0.000497488,0.5513473,1.0808187,nan,6,3.7850296,3.7850296,3.7850296,3.7850296,3.7850296,3.7850296,0.0,0.0,0.0,0.0,0.0,0.0,0.0,0.0,0.0,0.0,0.0,0.0,0.0,0.0,0,0,0,0,0,0,0,0,0,0,0,1,0,0,1,0,0
387072685,22.473335,22.714302,0.0,3.5e-44,-1.0,0.000497488,0.55150944,1.0807872,nan,6,3.785717,3.785717,3.785717,3.785717,3.785717,3.785717,0.0,0.0,0.0,0.0,0.0,0.0,0.0,0.0,0.0,0.0,0.0,0.0,0.0,0.0,0,0,0,0,0,0,0,0,0,0,0,1,0,0,1,0,0
387270627,22.875818,22.712454,0.0,3.5e-44,-1.0,0.000497488,0.5512567,1.0808363,nan,6,3.785409,3.785409,3.785409,3.785409,3.785409,3.785409,0.0,0.0,0.0,0.0,0.0,0.0,0.0,0.0,0.0,0.0,0.0,0.0,0.0,0.0,0,0,0,0,0,0,0,0,0,0,0,1,0,0,1,0,0
387470549,22.83475,22.737734,0.0,3.5e-44,-1.0,0.000497488,0.5549112,1.0801252,nan,6,3.7896223,3.7896223,3.7896223,3.7896223,3.7896223,3.7896223,0.0,0.0,0.0,0.0,0.0,0.0,0.0,0.0,0.0,0.0,0.0,0.0,0.0,0.0,0,0,0,0,0,0,0,0,0,0,0,1,0,0,1,0,0
387670658,22.892246,22.791275,0.0,3.5e-44,-1.0,0.000497488,0.5615707,1.0788319,nan,6,3.7985458,3.7985458,3.7985458,3.7985458,3.7985458,3.7985458,0.0,0.0,0.0,0.0,0.0,0.0,0.0,0.0,0.0,0.0,0.0,0.0,0.0,0.0,0,0,0,0,0,0,0,0,0,0,0,1,0,0,1,0,0
387870588,22.79368,22.79113,0.0,3.5e-44,-1.0,0.000497488,0.560052,1.0791266,nan,6,3.7985218,3.7985218,3.7985218,3.7985218,3.7985218,3.7985218,0.0,0.0,0.0,0.0,0.0,0.0,0.0,0.0,0.0,0.0,0.0,0.0,0.0,0.0,0,0,0,0,0,0,0,0,0,0,0,1,0,0,1,0,0
388070802,22.727966,22.76829,0.0,3.5e-44,-1.0,0.000497488,0.5561152,1.0798912,nan,6,3.794715,3.794715,3.794715,3.794715,3.794715,3.794715,0.0,0.0,0.0,0.0,0.0,0.0,0.0,0.0,0.0,0.0,0.0,0.0,0.0,0.0,0,0,0,0,0,0,0,0,0,0,0,1,0,0,1,0,0
388270544,22.91689,22.773695,0.0,3.5e-44,-1.0,0.000497488,0.55755955,1.0796105,nan,6,3.795616,3.795616,3.795616,3.795616,3.795616,3.795616,0.0,0.0,0.0,0.0,0.0,0.0,0.0,0.0,0.0,0.0,0.0,0.0,0.0,0.0,0,0,0,0,0,0,0,0,0,0,0,1,0,0,1,0,0
388471122,22.908674,22.77789,0.0,3.5e-44,-1.0,0.000497488,0.5582896,1.0794687,nan,6,3.796315,3.796315,3.796315,3.796315,3.796315,3.796315,0.0,0.0,0.0,0.0,0.0,0.0,0.0,0.0,0.0,0.0,0.0,0.0,0.0,0.0,0,0,0,0,0,0,0,0,0,0,0,1,0,0,1,0,0
388670548,22.645828,22.76606,0.0,3.5e-44,-1.0,0.000497488,0.55611855,1.0798905,nan,6,3.7943432,3.7943432,3.7943432,3.7943432,3.7943432,3.7943432,0.0,0.0,0.0,0.0,0.0,0.0,0.0,0.0,0.0,0.0,0.0,0.0,0.0,0.0,0,0,0,0,0,0,0,0,0,0,0,1,0,0,1,0,0
388871040,22.61297,22.774382,0.0,3.5e-44,-1.0,0.000497488,0.55787235,1.0795498,nan,6,3.7957304,3.7957304,3.7957304,3.7957304,3.7957304,3.7957304,0.0,0.0,0.0,0.0,0.0,0.0,0.0,0.0,0.0,0.0,0.0,0.0,0.0,0.0,0,0,0,0,0,0,0,0,0,0,0,1,0,0,1,0,0
389070591,22.686897,22.763544,0.0,3.5e-44,-1.0,0.000497488,0.5559421,1.0799248,nan,6,3.793924,3.793924,3.793924,3.793924,3.793924,3.793924,0.0,0.0,0.0,0.0,0.0,0.0,0.0,0.0,0.0,0.0,0.0,0.0,0.0,0.0,0,0,0,0,0,0,0,0,0,0,0,1,0,0,1,0,0
389270899,22.785465,22.765678,0.0,3.5e-44,-1.0,0.000497488,0.5566307,1.0797911,nan,6,3.7942798,3.7942798,3.7942798,3.7942798,3.7942798,3.7942798,0.0,0.0,0.0,0.0,0.0,0.0,0.0,0.0,0.0,0.0,0.0,0.0,0.0,0.0,0,0,0,0,0,0,0,0,0,0,0,1,0,0,1,0,0
389470676,22.703327,22.748405,0.0,3.5e-44,-1.0,0.000497488,0.5537568,1.0803498,nan,6,3.791401,3.791401,3.791401,3.791401,3.791401,3.791401,0.0,0.0,0.0,0.0,0.0,0.0,0.0,0.0,0.0,0.0,0.0,0.0,0.0,0.0,0,0,0,0,0,0,0,0,0,0,0,1,0,0,1,0,0
389671515,22.727966,22.748192,0.0,3.5e-44,-1.0,0.000497488,0.5541778,1.0802679,nan,6,3.7913654,3.7913654,3.7913654,3.7913654,3.7913654,3.7913654,0.0,0.0,0.0,0.0,0.0,0.0,0.0,0.0,0.0,0.0,0.0,0.0,0.0,0.0,0,0,0,0,0,0,0,0,0,0,0,1,0,0,1,0,0
389870767,22.382982,22.754787,0.0,3.5e-44,-1.0,0.000497488,0.5548993,1.0801276,nan,6,3.7924645,3.7924645,3.7924645,3.7924645,3.7924645,3.7924645,0.0,0.0,0.0,0.0,0.0,0.0,0.0,0.0,0.0,0.0,0.0,0.0,0.0,0.0,0,0,0,0,0,0,0,0,0,0,0,1,0,0,1,0,0
390072059,22.703327,22.749912,0.0,3.5e-44,-1.0,0.000497488,0.55422264,1.0802592,nan,6,3.791652,3.791652,3.791652,3.791652,3.791652,3.791652,0.0,0.0,0.0,0.0,0.0,0.0,0.0,0.0,0.0,0.0,0.0,0.0,0.0,0.0,0,0,0,0,0,0,0,0,0,0,0,1,0,0,1,0,0
390270561,22.571901,22.762482,0.0,3.5e-44,-1.0,0.000497488,0.5561171,1.0798908,nan,6,3.793747,3.793747,3.793747,3.793747,3.793747,3.793747,0.0,0.0,0.0,0.0,0.0,0.0,0.0,0.0,0.0,0.0,0.0,0.0,0.0,0.0,0,0,0,0,0,0,0,0,0,0,0,1,0,0,1,0,0
390472102,22.69511,22.733168,0.0,3.5e-44,-1.0,0.000497488,0.5513273,1.0808226,nan,6,3.7888613,3.7888613,3.7888613,3.7888613,3.7888613,3.7888613,0.0,0.0,0.0,0.0,0.0,0.0,0.0,0.0,0.0,0.0,0.0,0.0,0.0,0.0,0,0,0,0,0,0,0,0,0,0,0,1,0,0,1,0,0
390670592,22.842962,22.74288,0.0,3.5e-44,-1.0,0.000497488,0.55397993,1.0803063,nan,6,3.79048,3.79048,3.79048,3.79048,3.79048,3.79048,0.0,0.0,0.0,0.0,0.0,0.0,0.0,0.0,0.0,0.0,0.0,0.0,0.0,0.0,0,0,0,0,0,0,0,0,0,0,0,1,0,0,1,0,0
390872337,22.77725,22.742783,0.0,3.5e-44,-1.0,0.000497488,0.5530749,1.0804824,nan,6,3.7904637,3.7904637,3.7904637,3.7904637,3.7904637,3.7904637,0.0,0.0,0.0,0.0,0.0,0.0,0.0,0.0,0.0,0.0,0.0,0.0,0.0,0.0,0,0,0,0,0,0,0,0,0,0,0,1,0,0,1,0,0
391070603,22.760822,22.73234,0.0,3.5e-44,-1.0,0.000497488,0.5515061,1.0807878,nan,6,3.7887232,3.7887232,3.7887232,3.7887232,3.7887232,3.7887232,0.0,0.0,0.0,0.0,0.0,0.0,0.0,0.0,0.0,0.0,0.0,0.0,0.0,0.0,0,0,0,0,0,0,0,0,0,0,0,1,0,0,1,0,0
391272462,22.61297,22.723831,0.0,3.5e-44,-1.0,0.000497488,0.5501023,1.0810611,nan,6,3.787305,3.787305,3.787305,3.787305,3.787305,3.787305,0.0,0.0,0.0,0.0,0.0,0.0,0.0,0.0,0.0,0.0,0.0,0.0,0.0,0.0,0,0,0,0,0,0,0,0,0,0,0,1,0,0,1,0,0
391470602,22.79368,22.724564,0.0,3.5e-44,-1.0,0.000497488,0.55010754,1.0810602,nan,6,3.7874272,3.7874272,3.7874272,3.7874272,3.7874272,3.7874272,0.0,0.0,0.0,0.0,0.0,0.0,0.0,0.0,0.0,0.0,0.0,0.0,0.0,0.0,0,0,0,0,0,0,0,0,0,0,0,1,0,0,1,0,0
391670548,22.85939,22.72442,0.0,3.5e-44,-1.0,0.000497488,0.5492764,1.081222,nan,6,3.7874033,3.7874033,3.7874033,3.7874033,3.7874033,3.7874033,0.0,0.0,0.0,0.0,0.0,0.0,0.0,0.0,0.0,0.0,0.0,0.0,0.0,0.0,0,0,0,0,0,0,0,0,0,0,0,1,0,0,1,0,0
391870644,22.621187,22.721968,0.0,3.5e-44,-1.0,0.000497488,0.5485807,1.0813576,nan,6,3.7869947,3.7869947,3.7869947,3.7869947,3.7869947,3.7869947,0.0,0.0,0.0,0.0,0.0,0.0,0.0,0.0,0.0,0.0,0.0,0.0,0.0,0.0,0,0,0,0,0,0,0,0,0,0,0,1,0,0,1,0,0
392070598,22.867605,22.72114,0.0,3.5e-44,-1.0,0.000497488,0.5485607,1.0813615,nan,6,3.7868567,3.7868567,3.7868567,3.7868567,3.7868567,3.7868567,0.0,0.0,0.0,0.0,0.0,0.0,0.0,0.0,0.0,0.0,0.0,0.0,0.0,0.0,0,0,0,0,0,0,0,0,0,0,0,1,0,0,1,0,0
392270723,22.678684,22.707502,0.0,3.5e-44,-1.0,0.000497488,0.54594475,1.0818716,nan,6,3.7845838,3.7845838,3.7845838,3.7845838,3.7845838,3.7845838,0.0,0.0,0.0,0.0,0.0,0.0,0.0,0.0,0.0,0.0,0.0,0.0,0.0,0.0,0,0,0,0,0,0,0,0,0,0,0,1,0,0,1,0,0
392470546,22.69511,22.711384,0.0,3.5e-44,-1.0,0.000497488,0.54698664,1.0816684,nan,6,3.7852306,3.7852306,3.7852306,3.7852306,3.7852306,3.7852306,0.0,0.0,0.0,0.0,0.0,0.0,0.0,0.0,0.0,0.0,0.0,0.0,0.0,0.0,0,0,0,0,0,0,0,0,0,0,0,1,0,0,1,0,0
392671369,22.974384,22.72264,0.0,3.5e-44,-1.0,0.000497488,0.5487786,1.081319,nan,6,3.7871065,3.7871065,3.7871065,3.7871065,3.7871065,3.7871065,0.0,0.0,0.0,0.0,0.0,0.0,0.0,0.0,0.0,0.0,0.0,0.0,0.0,0.0,0,0,0,0,0,0,0,0,0,0,0,1,0,0,1,0,0
392870548,22.52262,22.727434,0.0,3.5e-44,-1.0,0.000497488,0.54806906,1.0814574,nan,6,3.7879057,3.7879057,3.7879057,3.7879057,3.7879057,3.7879057,0.0,0.0,0.0,0.0,0.0,0.0,0.0,0.0,0.0,0.0,0.0,0.0,0.0,0.0,0,0,0,0,0,0,0,0,0,0,0,1,0,0,1,0,0
393071168,22.957958,22.69633,0.0,3.5e-44,-1.0,0.000497488,0.54296166,1.0824538,nan,6,3.7827215,3.7827215,3.7827215,3.7827215,3.7827215,3.7827215,0.0,0.0,0.0,0.0,0.0,0.0,0.0,0.0,0.0,0.0,0.0,0.0,0.0,0.0,0,0,0,0,0,0,0,0,0,0,0,1,0,0,1,0,0
393270620,22.719753,22.681702,0.0,3.5e-44,-1.0,0.000497488,0.54143864,1.0827513,nan,6,3.7802837,3.7802837,3.7802837,3.7802837,3.7802837,3.7802837,0.0,0.0,0.0,0.0,0.0,0.0,0.0,0.0,0.0,0.0,0.0,0.0,0.0,0.0,0,0,0,0,0,0,0,0,0,0,0,1,0,0,1,0,0
393471611,22.966171,22.680546,0.0,3.5e-44,-1.0,0.000497488,0.5422912,1.0825847,nan,6,3.780091,3.780091,3.780091,3.780091,3.780091,3.780091,0.0,0.0,0.0,0.0,0.0,0.0,0.0,0.0,0.0,0.0,0.0,0.0,0.0,0.0,0,0,0,0,0,0,0,0,0,0,0,1,0,0,1,0,0
393670710,22.69511,22.685535,0.0,3.5e-44,-1.0,0.000497488,0.5424023,1.082563,nan,6,3.7809227,3.7809227,3.7809227,3.7809227,3.7809227,3.7809227,0.0,0.0,0.0,0.0,0.0,0.0,0.0,0.0,0.0,0.0,0.0,0.0,0.0,0.0,0,0,0,0,0,0,0,0,0,0,0,1,0,0,1,0,0
393871142,22.604757,22.688871,0.0,3.5e-44,-1.0,0.000497488,0.54303986,1.0824385,nan,6,3.7814786,3.7814786,3.7814786,3.7814786,3.7814786,3.7814786,0.0,0.0,0.0,0.0,0.0,0.0,0.0,0.0,0.0,0.0,0.0,0.0,0.0,0.0,0,0,0,0,0,0,0,0,0,0,0,1,0,0,1,0,0
394070849,22.933315,22.697863,0.0,3.5e-44,-1.0,0.000497488,0.5445071,1.0821521,nan,6,3.782977,3.782977,3.782977,3.782977,3.782977,3.782977,0.0,0.0,0.0,0.0,0.0,0.0,0.0,0.0,0.0,0.0,0.0,0.0,0.0,0.0,0,0,0,0,0,0,0,0,0,0,0,1,0,0,1,0,0
394271712,22.637613,22.718925,0.0,3.5e-44,-1.0,0.000497488,0.5465074,1.0817618,nan,6,3.7864876,3.7864876,3.7864876,3.7864876,3.7864876,3.7864876,0.0,0.0,0.0,0.0,0.0,0.0,0.0,0.0,0.0,0.0,0.0,0.0,0.0,0.0,0,0,0,0,0,0,0,0,0,0,0,1,0,0,1,0,0
394470542,22.530832,22.682348,0.0,3.5e-44,-1.0,0.000497488,0.53979355,1.0830729,nan,6,3.7803915,3.7803915,3.7803915,3.7803915,3.7803915,3.7803915,0.0,0.0,0.0,0.0,0.0,0.0,0.0,0.0,0.0,0.0,0.0,0.0,0.0,0.0,0,0,0,0,0,0,0,0,0,0,0,1,0,0,1,0,0
394672240,22.9826,22.695623,0.0,3.5e-44,-1.0,0.000497488,0.5434819,1.0823523,nan,6,3.782604,3.782604,3.782604,3.782604,3.782604,3.782604,0.0,0.0,0.0,0.0,0.0,0.0,0.0,0.0,0.0,0.0,0.0,0.0,0.0,0.0,0,0,0,0,0,0,0,0,0,0,0,1,0,0,1,0,0
394870597,22.645828,22.724403,0.0,3.5e-44,-1.0,0.000497488,0.5474897,1.0815703,nan,6,3.7874005,3.7874005,3.7874005,3.7874005,3.7874005,3.7874005,0.0,0.0,0.0,0.0,0.0,0.0,0.0,0.0,0.0,0.0,0.0,0.0,0.0,0.0,0,0,0,0,0,0,0,0,0,0,0,1,0,0,1,0,0
395072339,22.432266,22.68883,0.0,3.5e-44,-1.0,0.000497488,0.5409232,1.082852,nan,6,3.7814715,3.7814715,3.7814715,3.7814715,3.7814715,3.7814715,0.0,0.0,0.0,0.0,0.0,0.0,0.0,0.0,0.0,0.0,0.0,0.0,0.0,0.0,0,0,0,0,0,0,0,0,0,0,0,1,0,0,1,0,0
395270811,22.662256,22.701609,0.0,3.5e-44,-1.0,0.000497488,0.54427725,1.082197,nan,6,3.7836015,3.7836015,3.7836015,3.7836015,3.7836015,3.7836015,0.0,0.0,0.0,0.0,0.0,0.0,0.0,0.0,0.0,0.0,0.0,0.0,0.0,0.0,0,0,0,0,0,0,0,0,0,0,0,1,0,0,1,0,0
395471905,22.596544,22.687054,0.0,3.5e-44,-1.0,0.000497488,0.54158217,1.0827233,nan,6,3.7811756,3.7811756,3.7811756,3.7811756,3.7811756,3.7811756,0.0,0.0,0.0,0.0,0.0,0.0,0.0,0.0,0.0,0.0,0.0,0.0,0.0,0.0,0,0,0,0,0,0,0,0,0,0,0,1,0,0,1,0,0
395670604,22.842962,22.685146,0.0,3.5e-44,-1.0,0.000497488,0.5427204,1.0825009,nan,6,3.7808578,3.7808578,3.7808578,3.7808578,3.7808578,3.7808578,0.0,0.0,0.0,0.0,0.0,0.0,0.0,0.0,0.0,0.0,0.0,0.0,0.0,0.0,0,0,0,0,0,0,0,0,0,0,0,1,0,0,1,0,0
395870549,22.563688,22.712282,0.0,3.5e-44,-1.0,0.000497488,0.5472947,1.0816083,nan,6,3.7853804,3.7853804,3.7853804,3.7853804,3.7853804,3.7853804,0.0,0.0,0.0,0.0,0.0,0.0,0.0,0.0,0.0,0.0,0.0,0.0,0.0,0.0,0,0,0,0,0,0,0,0,0,0,0,1,0,0,1,0,0
396070674,22.563688,22.694008,0.0,3.5e-44,-1.0,0.000497488,0.54388195,1.0822741,nan,6,3.7823346,3.7823346,3.7823346,3.7823346,3.7823346,3.7823346,0.0,0.0,0.0,0.0,0.0,0.0,0.0,0.0,0.0,0.0,0.0,0.0,0.0,0.0,0,0,0,0,0,0,0,0,0,0,0,1,0,0,1,0,0
396270595,22.637613,22.691422,0.0,3.5e-44,-1.0,0.000497488,0.544128,1.0822262,nan,6,3.7819035,3.7819035,3.7819035,3.7819035,3.7819035,3.7819035,0.0,0.0,0.0,0.0,0.0,0.0,0.0,0.0,0.0,0.0,0.0,0.0,0.0,0.0,0,0,0,0,0,0,0,0,0,0,0,1,0,0,1,0,0
396471035,22.678684,22.68974,0.0,3.5e-44,-1.0,0.000497488,0.5440369,1.0822438,nan,6,3.7816231,3.7816231,3.7816231,3.7816231,3.7816231,3.7816231,0.0,0.0,0.0,0.0,0.0,0.0,0.0,0.0,0.0,0.0,0.0,0.0,0.0,0.0,0,0,0,0,0,0,0,0,0,0,0,1,0,0,1,0,0
396670541,22.785465,22.692251,0.0,3.5e-44,-1.0,0.000497488,0.544643,1.0821255,nan,6,3.7820418,3.7820418,3.7820418,3.7820418,3.7820418,3.7820418,0.0,0.0,0.0,0.0,0.0,0.0,0.0,0.0,0.0,0.0,0.0,0.0,0.0,0.0,0,0,0,0,0,0,0,0,0,0,0,1,0,0,1,0,0
396870547,22.769037,22.679031,0.0,3.5e-44,-1.0,0.000497488,0.5417538,1.0826896,nan,6,3.7798386,3.7798386,3.7798386,3.7798386,3.7798386,3.7798386,0.0,0.0,0.0,0.0,0.0,0.0,0.0,0.0,0.0,0.0,0.0,0.0,0.0,0.0,0,0,0,0,0,0,0,0,0,0,0,1,0,0,1,0,0
397070544,22.580118,22.688885,0.0,3.5e-44,-1.0,0.000497488,0.54377943,1.0822941,nan,6,3.7814808,3.7814808,3.7814808,3.7814808,3.7814808,3.7814808,0.0,0.0,0.0,0.0,0.0,0.0,0.0,0.0,0.0,0.0,0.0,0.0,0.0,0.0,0,0,0,0,0,0,0,0,0,0,0,1,0,0,1,0,0
397271062,22.727966,22.678328,0.0,3.5e-44,-1.0,0.000497488,0.54176766,1.082687,nan,6,3.7797213,3.7797213,3.7797213,3.7797213,3.7797213,3.7797213,0.0,0.0,0.0,0.0,0.0,0.0,0.0,0.0,0.0,0.0,0.0,0.0,0.0,0.0,0,0,0,0,0,0,0,0,0,0,0,1,0,0,1,0,0
397470547,22.69511,22.674555,0.0,3.5e-44,-1.0,0.000497488,0.54062754,1.0829098,nan,6,3.7790926,3.7790926,3.7790926,3.7790926,3.7790926,3.7790926,0.0,0.0,0.0,0.0,0.0,0.0,0.0,0.0,0.0,0.0,0.0,0.0,0.0,0.0,0,0,0,0,0,0,0,0,0,0,0,1,0,0,1,0,0
397670957,22.769037,22.688059,0.0,3.5e-44,-1.0,0.000497488,0.54282385,1.0824808,nan,6,3.7813432,3.7813432,3.7813432,3.7813432,3.7813432,3.7813432,0.0,0.0,0.0,0.0,0.0,0.0,0.0,0.0,0.0,0.0,0.0,0.0,0.0,0.0,0,0,0,0,0,0,0,0,0,0,0,1,0,0,1,0,0
397870762,22.497978,22.669462,0.0,3.5e-44,-1.0,0.000497488,0.53864676,1.0832971,nan,6,3.7782438,3.7782438,3.7782438,3.7782438,3.7782438,3.7782438,0.0,0.0,0.0,0.0,0.0,0.0,0.0,0.0,0.0,0.0,0.0,0.0,0.0,0.0,0,0,0,0,0,0,0,0,0,0,0,1,0,0,1,0,0
398071133,22.867605,22.673569,0.0,3.5e-44,-1.0,0.000497488,0.54032904,1.0829681,nan,6,3.778928,3.778928,3.778928,3.778928,3.778928,3.778928,0.0,0.0,0.0,0.0,0.0,0.0,0.0,0.0,0.0,0.0,0.0,0.0,0.0,0.0,0,0,0,0,0,0,0,0,0,0,0,1,0,0,1,0,0
398270845,22.588331,22.69723,0.0,3.5e-44,-1.0,0.000497488,0.5444403,1.0821651,nan,6,3.7828715,3.7828715,3.7828715,3.7828715,3.7828715,3.7828715,0.0,0.0,0.0,0.0,0.0,0.0,0.0,0.0,0.0,0.0,0.0,0.0,0.0,0.0,0,0,0,0,0,0,0,0,0,0,0,1,0,0,1,0,0
398471862,22.621187,22.671476,0.0,3.5e-44,-1.0,0.000497488,0.5394445,1.0831411,nan,6,3.7785795,3.7785795,3.7785795,3.7785795,3.7785795,3.7785795,0.0,0.0,0.0,0.0,0.0,0.0,0.0,0.0,0.0,0.0,0.0,0.0,0.0,0.0,0,0,0,0,0,0,0,0,0,0,0,1,0,0,1,0,0
398670541,22.621187,22.679903,0.0,3.5e-44,-1.0,0.000497488,0.54073864,1.0828881,nan,6,3.7799838,3.7799838,3.7799838,3.7799838,3.7799838,3.7799838,0.0,0.0,0.0,0.0,0.0,0.0,0.0,0.0,0.0,0.0,0.0,0.0,0.0,0.0,0,0,0,0,0,0,0,0,0,0,0,1,0,0,1,0,0
398871893,22.678684,22.683079,0.0,3.5e-44,-1.0,0.000497488,0.5393272,1.083164,nan,6,3.780513,3.780513,3.780513,3.780513,3.780513,3.780513,0.0,0.0,0.0,0.0,0.0,0.0,0.0,0.0,0.0,0.0,0.0,0.0,0.0,0.0,0,0,0,0,0,0,0,0,0,0,0,1,0,0,1,0,0
399070736,22.686897,22.665781,0.0,3.5e-44,-1.0,0.000497488,0.53694826,1.0836294,nan,6,3.77763,3.77763,3.77763,3.77763,3.77763,3.77763,0.0,0.0,0.0,0.0,0.0,0.0,0.0,0.0,0.0,0.0,0.0,0.0,0.0,0.0,0,0,0,0,0,0,0,0,0,0,0,1,0,0,1,0,0
399272412,22.580118,22.666426,0.0,3.5e-44,-1.0,0.000497488,0.5371328,1.0835932,nan,6,3.7777376,3.7777376,3.7777376,3.7777376,3.7777376,3.7777376,0.0,0.0,0.0,0.0,0.0,0.0,0.0,0.0,0.0,0.0,0.0,0.0,0.0,0.0,0,0,0,0,0,0,0,0,0,0,0,1,0,0,1,0,0
399470589,22.555475,22.665245,0.0,3.5e-44,-1.0,0.000497488,0.5370317,1.083613,nan,6,3.777541,3.777541,3.777541,3.777541,3.777541,3.777541,0.0,0.0,0.0,0.0,0.0,0.0,0.0,0.0,0.0,0.0,0.0,0.0,0.0,0.0,0,0,0,0,0,0,0,0,0,0,0,1,0,0,1,0,0
399670541,22.933315,22.666874,0.0,3.5e-44,-1.0,0.000497488,0.5376101,1.0834999,nan,6,3.7778122,3.7778122,3.7778122,3.7778122,3.7778122,3.7778122,0.0,0.0,0.0,0.0,0.0,0.0,0.0,0.0,0.0,0.0,0.0,0.0,0.0,0.0,0,0,0,0,0,0,0,0,0,0,0,1,0,0,1,0,0
399870648,22.703327,22.666021,0.0,3.5e-44,-1.0,0.000497488,0.5368672,1.0836452,nan,6,3.7776701,3.7776701,3.7776701,3.7776701,3.7776701,3.7776701,0.0,0.0,0.0,0.0,0.0,0.0,0.0,0.0,0.0,0.0,0.0,0.0,0.0,0.0,0,0,0,0,0,0,0,0,0,0,0,1,0,0,1,0,0
400070545,22.999027,22.670631,0.0,3.5e-44,-1.0,0.000497488,0.5376983,1.0834826,nan,6,3.7784386,3.7784386,3.7784386,3.7784386,3.7784386,3.7784386,0.0,0.0,0.0,0.0,0.0,0.0,0.0,0.0,0.0,0.0,0.0,0.0,0.0,0.0,0,0,0,0,0,0,0,0,0,0,0,1,0,0,1,0,0
400270603,22.604757,22.667326,0.0,3.5e-44,-1.0,0.000497488,0.53677326,1.0836636,nan,6,3.7778876,3.7778876,3.7778876,3.7778876,3.7778876,3.7778876,0.0,0.0,0.0,0.0,0.0,0.0,0.0,0.0,0.0,0.0,0.0,0.0,0.0,0.0,0,0,0,0,0,0,0,0,0,0,0,1,0,0,1,0,0
400470727,22.61297,22.68488,0.0,3.5e-44,-1.0,0.000497488,0.53933054,1.0831634,nan,6,3.7808132,3.7808132,3.7808132,3.7808132,3.7808132,3.7808132,0.0,0.0,0.0,0.0,0.0,0.0,0.0,0.0,0.0,0.0,0.0,0.0,0.0,0.0,0,0,0,0,0,0,0,0,0,0,0,1,0,0,1,0,0
400670868,22.481548,22.695608,0.0,3.5e-44,-1.0,0.000497488,0.54025227,1.0829831,nan,6,3.7826014,3.7826014,3.7826014,3.7826014,3.7826014,3.7826014,0.0,0.0,0.0,0.0,0.0,0.0,0.0,0.0,0.0,0.0,0.0,0.0,0.0,0.0,0,0,0,0,0,0,0,0,0,0,0,1,0,0,1,0,0
400870538,22.588331,22.683926,0.0,3.5e-44,-1.0,0.000497488,0.5381771,1.0833889,nan,6,3.7806542,3.7806542,3.7806542,3.7806542,3.7806542,3.7806542,0.0,0.0,0.0,0.0,0.0,0.0,0.0,0.0,0.0,0.0,0.0,0.0,0.0,0.0,0,0,0,0,0,0,0,0,0,0,0,1,0,0,1,0,0
401071255,22.604757,22.63422,0.0,3.5e-44,-1.0,0.000497488,0.5301457,1.0849624,nan,6,3.77237,3.77237,3.77237,3.77237,3.77237,3.77237,0.0,0.0,0.0,0.0,0.0,0.0,0.0,0.0,0.0,0.0,0.0,0.0,0.0,0.0,0,0,0,0,0,0,0,0,0,0,0,1,0,0,1,0,0
401270601,22.85939,22.630375,0.0,3.5e-44,-1.0,0.000497488,0.5318857,1.0846211,nan,6,3.7717292,3.7717292,3.7717292,3.7717292,3.7717292,3.7717292,0.0,0.0,0.0,0.0,0.0,0.0,0.0,0.0,0.0,0.0,0.0,0.0,0.0,0.0,0,0,0,0,0,0,0,0,0,0,0,1,0,0,1,0,0
401471351,22.596544,22.634129,0.0,3.5e-44,-1.0,0.000497488,0.53280073,1.0844418,nan,6,3.7723548,3.7723548,3.7723548,3.7723548,3.7723548,3.7723548,0.0,0.0,0.0,0.0,0.0,0.0,0.0,0.0,0.0,0.0,0.0,0.0,0.0,0.0,0,0,0,0,0,0,0,0,0,0,0,1,0,0,1,0,0
401670578,22.71154,22.640152,0.0,3.5e-44,-1.0,0.000497488,0.533464,1.0843117,nan,6,3.7733586,3.7733586,3.7733586,3.7733586,3.7733586,3.7733586,0.0,0.0,0.0,0.0,0.0,0.0,0.0,0.0,0.0,0.0,0.0,0.0,0.0,0.0,0,0,0,0,0,0,0,0,0,0,0,1,0,0,1,0,0
401871490,22.851175,22.659006,0.0,3.5e-44,-1.0,0.000497488,0.5356203,1.0838894,nan,6,3.776501,3.776501,3.776501,3.776501,3.776501,3.776501,0.0,0.0,0.0,0.0,0.0,0.0,0.0,0.0,0.0,0.0,0.0,0.0,0.0,0.0,0,0,0,0,0,0,0,0,0,0,0,1,0,0,1,0,0
402070734,22.662256,22.662268,0.0,3.5e-44,-1.0,0.000497488,0.5357786,1.0838584,nan,6,3.7770445,3.7770445,3.7770445,3.7770445,3.7770445,3.7770445,0.0,0.0,0.0,0.0,0.0,0.0,0.0,0.0,0.0,0.0,0.0,0.0,0.0,0.0,0,0,0,0,0,0,0,0,0,0,0,1,0,0,1,0,0
402271767,22.497978,22.651407,0.0,3.5e-44,-1.0,0.000497488,0.53397375,1.0842118,nan,6,3.7752345,3.7752345,3.7752345,3.7752345,3.7752345,3.7752345,0.0,0.0,0.0,0.0,0.0,0.0,0.0,0.0,0.0,0.0,0.0,0.0,0.0,0.0,0,0,0,0,0,0,0,0,0,0,0,1,0,0,1,0,0
402470554,22.506191,22.643139,0.0,3.5e-44,-1.0,0.000497488,0.5330573,1.0843914,nan,6,3.7738564,3.7738564,3.7738564,3.7738564,3.7738564,3.7738564,0.0,0.0,0.0,0.0,0.0,0.0,0.0,0.0,0.0,0.0,0.0,0.0,0.0,0.0,0,0,0,0,0,0,0,0,0,0,0,1,0,0,1,0,0
402671348,22.497978,22.621489,0.0,3.5e-44,-1.0,0.000497488,0.53016526,1.0849584,nan,6,3.7702482,3.7702482,3.7702482,3.7702482,3.7702482,3.7702482,0.0,0.0,0.0,0.0,0.0,0.0,0.0,0.0,0.0,0.0,0.0,0.0,0.0,0.0,0,0,0,0,0,0,0,0,0,0,0,1,0,0,1,0,0
402870666,22.662256,22.627237,0.0,3.5e-44,-1.0,0.000497488,0.5321327,1.0845727,nan,6,3.7712061,3.7712061,3.7712061,3.7712061,3.7712061,3.7712061,0.0,0.0,0.0,0.0,0.0,0.0,0.0,0.0,0.0,0.0,0.0,0.0,0.0,0.0,0,0,0,0,0,0,0,0,0,0,0,1,0,0,1,0,0
403072065,22.79368,22.638262,0.0,3.5e-44,-1.0,0.000497488,0.5332766,1.0843484,nan,6,3.7730436,3.7730436,3.7730436,3.7730436,3.7730436,3.7730436,0.0,0.0,0.0,0.0,0.0,0.0,0.0,0.0,0.0,0.0,0.0,0.0,0.0,0.0,0,0,0,0,0,0,0,0,0,0,0,1,0,0,1,0,0
403270685,22.432266,22.66765,0.0,3.5e-44,-1.0,0.000497488,0.5378881,1.0834454,nan,6,3.7779417,3.7779417,3.7779417,3.7779417,3.7779417,3.7779417,0.0,0.0,0.0,0.0,0.0,0.0,0.0,0.0,0.0,0.0,0.0,0.0,0.0,0.0,0,0,0,0,0,0,0,0,0,0,0,1,0,0,1,0,0
403472547,22.645828,22.642015,0.0,3.5e-44,-1.0,0.000497488,0.5328956,1.0844231,nan,6,3.7736692,3.7736692,3.7736692,3.7736692,3.7736692,3.7736692,0.0,0.0,0.0,0.0,0.0,0.0,0.0,0.0,0.0,0.0,0.0,0.0,0.0,0.0,0,0,0,0,0,0,0,0,0,0,0,1,0,0,1,0,0
403670587,22.571901,22.656662,0.0,3.5e-44,-1.0,0.000497488,0.53605753,1.0838038,nan,6,3.7761104,3.7761104,3.7761104,3.7761104,3.7761104,3.7761104,0.0,0.0,0.0,0.0,0.0,0.0,0.0,0.0,0.0,0.0,0.0,0.0,0.0,0.0,0,0,0,0,0,0,0,0,0,0,0,1,0,0,1,0,0
403870544,22.892246,22.661531,0.0,3.5e-44,-1.0,0.000497488,0.5368348,1.0836517,nan,6,3.776922,3.776922,3.776922,3.776922,3.776922,3.776922,0.0,0.0,0.0,0.0,0.0,0.0,0.0,0.0,0.0,0.0,0.0,0.0,0.0,0.0,0,0,0,0,0,0,0,0,0,0,0,1,0,0,1,0,0
404070650,22.79368,22.676016,0.0,3.5e-44,-1.0,0.000497488,0.5386582,1.0832949,nan,6,3.779336,3.779336,3.779336,3.779336,3.779336,3.779336,0.0,0.0,0.0,0.0,0.0,0.0,0.0,0.0,0.0,0.0,0.0,0.0,0.0,0.0,0,0,0,0,0,0,0,0,0,0,0,1,0,0,1,0,0
404270549,22.473335,22.655912,0.0,3.5e-44,-1.0,0.000497488,0.53346974,1.0843105,nan,6,3.7759855,3.7759855,3.7759855,3.7759855,3.7759855,3.7759855,0.0,0.0,0.0,0.0,0.0,0.0,0.0,0.0,0.0,0.0,0.0,0.0,0.0,0.0,0,0,0,0,0,0,0,0,0,0,0,1,0,0,1,0,0
404470720,22.801893,22.652962,0.0,3.5e-44,-1.0,0.000497488,0.53291565,1.0844191,nan,6,3.7754936,3.7754936,3.7754936,3.7754936,3.7754936,3.7754936,0.0,0.0,0.0,0.0,0.0,0.0,0.0,0.0,0.0,0.0,0.0,0.0,0.0,0.0,0,0,0,0,0,0,0,0,0,0,0,1,0,0,1,0,0
404670542,22.61297,22.663626,0.0,3.5e-44,-1.0,0.000497488,0.53498656,1.0840135,nan,6,3.777271,3.777271,3.777271,3.777271,3.777271,3.777271,0.0,0.0,0.0,0.0,0.0,0.0,0.0,0.0,0.0,0.0,0.0,0.0,0.0,0.0,0,0,0,0,0,0,0,0,0,0,0,1,0,0,1,0,0
404871012,22.727966,22.670935,0.0,3.5e-44,-1.0,0.000497488,0.5369087,1.0836371,nan,6,3.778489,3.778489,3.778489,3.778489,3.778489,3.778489,0.0,0.0,0.0,0.0,0.0,0.0,0.0,0.0,0.0,0.0,0.0,0.0,0.0,0.0,0,0,0,0,0,0,0,0,0,0,0,1,0,0,1,0,0
405070541,22.604757,22.644712,0.0,3.5e-44,-1.0,0.000497488,0.5325094,1.0844988,nan,6,3.7741187,3.7741187,3.7741187,3.7741187,3.7741187,3.7741187,0.0,0.0,0.0,0.0,0.0,0.0,0.0,0.0,0.0,0.0,0.0,0.0,0.0,0.0,0,0,0,0,0,0,0,0,0,0,0,1,0,0,1,0,0
405271271,22.69511,22.64274,0.0,3.5e-44,-1.0,0.000497488,0.5329967,1.0844033,nan,6,3.7737901,3.7737901,3.7737901,3.7737901,3.7737901,3.7737901,0.0,0.0,0.0,0.0,0.0,0.0,0.0,0.0,0.0,0.0,0.0,0.0,0.0,0.0,0,0,0,0,0,0,0,0,0,0,0,1,0,0,1,0,0
405470619,22.555475,22.643667,0.0,3.5e-44,-1.0,0.000497488,0.5326901,1.0844634,nan,6,3.7739446,3.7739446,3.7739446,3.7739446,3.7739446,3.7739446,0.0,0.0,0.0,0.0,0.0,0.0,0.0,0.0,0.0,0.0,0.0,0.0,0.0,0.0,0,0,0,0,0,0,0,0,0,0,0,1,0,0,1,0,0
405671247,22.415838,22.63879,0.0,3.5e-44,-1.0,0.000497488,0.53136975,1.0847223,nan,6,3.7731316,3.7731316,3.7731316,3.7731316,3.7731316,3.7731316,0.0,0.0,0.0,0.0,0.0,0.0,0.0,0.0,0.0,0.0,0.0,0.0,0.0,0.0,0,0,0,0,0,0,0,0,0,0,0,1,0,0,1,0,0
405870649,22.604757,22.638433,0.0,3.5e-44,-1.0,0.000497488,0.53153807,1.0846893,nan,6,3.7730722,3.7730722,3.7730722,3.7730722,3.7730722,3.7730722,0.0,0.0,0.0,0.0,0.0,0.0,0.0,0.0,0.0,0.0,0.0,0.0,0.0,0.0,0,0,0,0,0,0,0,0,0,0,0,1,0,0,1,0,0
406071673,22.744396,22.609,0.0,3.5e-44,-1.0,0.000497488,0.52652174,1.0856738,nan,6,3.7681665,3.7681665,3.7681665,3.7681665,3.7681665,3.7681665,0.0,0.0,0.0,0.0,0.0,0.0,0.0,0.0,0.0,0.0,0.0,0.0,0.0,0.0,0,0,0,0,0,0,0,0,0,0,0,1,0,0,1,0,0
406270773,22.999027,22.643091,0.0,3.5e-44,-1.0,0.000497488,0.5319038,1.0846175,nan,6,3.7738485,3.7738485,3.7738485,3.7738485,3.7738485,3.7738485,0.0,0.0,0.0,0.0,0.0,0.0,0.0,0.0,0.0,0.0,0.0,0.0,0.0,0.0,0,0,0,0,0,0,0,0,0,0,0,1,0,0,1,0,0
406471617,22.202274,22.624102,0.0,3.5e-44,-1.0,0.000497488,0.5264564,1.0856867,nan,6,3.7706835,3.7706835,3.7706835,3.7706835,3.7706835,3.7706835,0.0,0.0,0.0,0.0,0.0,0.0,0.0,0.0,0.0,0.0,0.0,0.0,0.0,0.0,0,0,0,0,0,0,0,0,0,0,0,1,0,0,1,0,0
406670545,22.473335,22.582651,0.0,3.5e-44,-1.0,0.000497488,0.5199619,1.086964,nan,6,3.763775,3.763775,3.763775,3.763775,3.763775,3.763775,0.0,0.0,0.0,0.0,0.0,0.0,0.0,0.0,0.0,0.0,0.0,0.0,0.0,0.0,0,0,0,0,0,0,0,0,0,0,0,1,0,0,1,0,0
406871544,23.023668,22.61031,0.0,3.5e-44,-1.0,0.000497488,0.5249215,1.0859883,nan,6,3.768385,3.768385,3.768385,3.768385,3.768385,3.768385,0.0,0.0,0.0,0.0,0.0,0.0,0.0,0.0,0.0,0.0,0.0,0.0,0.0,0.0,0,0,0,0,0,0,0,0,0,0,0,1,0,0,1,0,0
407070607,22.432266,22.621954,0.0,3.5e-44,-1.0,0.000497488,0.5247827,1.0860156,nan,6,3.7703257,3.7703257,3.7703257,3.7703257,3.7703257,3.7703257,0.0,0.0,0.0,0.0,0.0,0.0,0.0,0.0,0.0,0.0,0.0,0.0,0.0,0.0,0,0,0,0,0,0,0,0,0,0,0,1,0,0,1,0,0
407272582,22.654041,22.592342,0.0,3.5e-44,-1.0,0.000497488,0.5194469,1.0870655,nan,6,3.7653904,3.7653904,3.7653904,3.7653904,3.7653904,3.7653904,0.0,0.0,0.0,0.0,0.0,0.0,0.0,0.0,0.0,0.0,0.0,0.0,0.0,0.0,0,0,0,0,0,0,0,0,0,0,0,1,0,0,1,0,0
407470542,22.571901,22.603199,0.0,3.5e-44,-1.0,0.000497488,0.5219813,1.0865666,nan,6,3.7671998,3.7671998,3.7671998,3.7671998,3.7671998,3.7671998,0.0,0.0,0.0,0.0,0.0,0.0,0.0,0.0,0.0,0.0,0.0,0.0,0.0,0.0,0,0,0,0,0,0,0,0,0,0,0,1,0,0,1,0,0
407672369,22.465122,22.60867,0.0,3.5e-44,-1.0,0.000497488,0.52322394,1.0863221,nan,6,3.7681115,3.7681115,3.7681115,3.7681115,3.7681115,3.7681115,0.0,0.0,0.0,0.0,0.0,0.0,0.0,0.0,0.0,0.0,0.0,0.0,0.0,0.0,0,0,0,0,0,0,0,0,0,0,0,1,0,0,1,0,0
407870629,22.6294,22.615555,0.0,3.5e-44,-1.0,0.000497488,0.5247851,1.0860151,nan,6,3.7692592,3.7692592,3.7692592,3.7692592,3.7692592,3.7692592,0.0,0.0,0.0,0.0,0.0,0.0,0.0,0.0,0.0,0.0,0.0,0.0,0.0,0.0,0,0,0,0,0,0,0,0,0,0,0,1,0,0,1,0,0
408070548,22.867605,22.57868,0.0,3.5e-44,-1.0,0.000497488,0.51852375,1.0872473,nan,6,3.7631133,3.7631133,3.7631133,3.7631133,3.7631133,3.7631133,0.0,0.0,0.0,0.0,0.0,0.0,0.0,0.0,0.0,0.0,0.0,0.0,0.0,0.0,0,0,0,0,0,0,0,0,0,0,0,1,0,0,1,0,0
408270665,22.744396,22.595407,0.0,3.5e-44,-1.0,0.000497488,0.5221692,1.0865295,nan,6,3.7659013,3.7659013,3.7659013,3.7659013,3.7659013,3.7659013,0.0,0.0,0.0,0.0,0.0,0.0,0.0,0.0,0.0,0.0,0.0,0.0,0.0,0.0,0,0,0,0,0,0,0,0,0,0,0,1,0,0,1,0,0
408470611,22.654041,22.588552,0.0,3.5e-44,-1.0,0.000497488,0.520021,1.0869523,nan,6,3.7647588,3.7647588,3.7647588,3.7647588,3.7647588,3.7647588,0.0,0.0,0.0,0.0,0.0,0.0,0.0,0.0,0.0,0.0,0.0,0.0,0.0,0.0,0,0,0,0,0,0,0,0,0,0,0,1,0,0,1,0,0
408670893,22.481548,22.571146,0.0,3.5e-44,-1.0,0.000497488,0.5162421,1.087697,nan,6,3.7618577,3.7618577,3.7618577,3.7618577,3.7618577,3.7618577,0.0,0.0,0.0,0.0,0.0,0.0,0.0,0.0,0.0,0.0,0.0,0.0,0.0,0.0,0,0,0,0,0,0,0,0,0,0,0,1,0,0,1,0,0
408870543,22.539047,22.572412,0.0,3.5e-44,-1.0,0.000497488,0.5177794,1.0873939,nan,6,3.7620687,3.7620687,3.7620687,3.7620687,3.7620687,3.7620687,0.0,0.0,0.0,0.0,0.0,0.0,0.0,0.0,0.0,0.0,0.0,0.0,0.0,0.0,0,0,0,0,0,0,0,0,0,0,0,1,0,0,1,0,0
409070989,22.867605,22.58697,0.0,3.5e-44,-1.0,0.000497488,0.52067953,1.0868227,nan,6,3.764495,3.764495,3.764495,3.764495,3.764495,3.764495,0.0,0.0,0.0,0.0,0.0,0.0,0.0,0.0,0.0,0.0,0.0,0.0,0.0,0.0,0,0,0,0,0,0,0,0,0,0,0,1,0,0,1,0,0
409270541,22.424051,22.59346,0.0,3.5e-44,-1.0,0.000497488,0.52160984,1.0866395,nan,6,3.7655766,3.7655766,3.7655766,3.7655766,3.7655766,3.7655766,0.0,0.0,0.0,0.0,0.0,0.0,0.0,0.0,0.0,0.0,0.0,0.0,0.0,0.0,0,0,0,0,0,0,0,0,0,0,0,1,0,0,1,0,0
409470747,22.867605,22.586126,0.0,3.5e-44,-1.0,0.000497488,0.5202885,1.0868998,nan,6,3.7643545,3.7643545,3.7643545,3.7643545,3.7643545,3.7643545,0.0,0.0,0.0,0.0,0.0,0.0,0.0,0.0,0.0,0.0,0.0,0.0,0.0,0.0,0,0,0,0,0,0,0,0,0,0,0,1,0,0,1,0,0
409670546,22.465122,22.566607,0.0,3.5e-44,-1.0,0.000497488,0.5172005,1.0875081,nan,6,3.761101,3.761101,3.761101,3.761101,3.761101,3.761101,0.0,0.0,0.0,0.0,0.0,0.0,0.0,0.0,0.0,0.0,0.0,0.0,0.0,0.0,0,0,0,0,0,0,0,0,0,0,0,1,0,0,1,0,0
409871571,22.407623,22.56282,0.0,3.5e-44,-1.0,0.000497488,0.51666456,1.0876137,nan,6,3.7604702,3.7604702,3.7604702,3.7604702,3.7604702,3.7604702,0.0,0.0,0.0,0.0,0.0,0.0,0.0,0.0,0.0,0.0,0.0,0.0,0.0,0.0,0,0,0,0,0,0,0,0,0,0,0,1,0,0,1,0,0
410070775,22.621187,22.552696,0.0,3.5e-44,-1.0,0.000497488,0.5148049,1.0879805,nan,6,3.7587826,3.7587826,3.7587826,3.7587826,3.7587826,3.7587826,0.0,0.0,0.0,0.0,0.0,0.0,0.0,0.0,0.0,0.0,0.0,0.0,0.0,0.0,0,0,0,0,0,0,0,0,0,0,0,1,0,0,1,0,0
410271137,22.61297,22.564266,0.0,3.5e-44,-1.0,0.000497488,0.51732403,1.0874836,nan,6,3.760711,3.760711,3.760711,3.760711,3.760711,3.760711,0.0,0.0,0.0,0.0,0.0,0.0,0.0,0.0,0.0,0.0,0.0,0.0,0.0,0.0,0,0,0,0,0,0,0,0,0,0,0,1,0,0,1,0,0
410470542,22.810106,22.56734,0.0,3.5e-44,-1.0,0.000497488,0.51661974,1.0876225,nan,6,3.7612236,3.7612236,3.7612236,3.7612236,3.7612236,3.7612236,0.0,0.0,0.0,0.0,0.0,0.0,0.0,0.0,0.0,0.0,0.0,0.0,0.0,0.0,0,0,0,0,0,0,0,0,0,0,0,1,0,0,1,0,0
410671359,22.309057,22.57013,0.0,3.5e-44,-1.0,0.000497488,0.51618916,1.0877074,nan,6,3.7616882,3.7616882,3.7616882,3.7616882,3.7616882,3.7616882,0.0,0.0,0.0,0.0,0.0,0.0,0.0,0.0,0.0,0.0,0.0,0.0,0.0,0.0,0,0,0,0,0,0,0,0,0,0,0,1,0,0,1,0,0
411072256,22.539047,22.556757,0.0,3.5e-44,-1.0,0.000497488,0.5144444,1.0880516,nan,6,3.7594595,3.7594595,3.7594595,3.7594595,3.7594595,3.7594595,0.0,0.0,0.0,0.0,0.0,0.0,0.0,0.0,0.0,0.0,0.0,0.0,0.0,0.0,0,0,0,0,0,0,0,0,0,0,0,1,0,0,1,0,0
411270728,22.580118,22.54136,0.0,3.5e-44,-1.0,0.000497488,0.5121985,1.0884949,nan,6,3.7568934,3.7568934,3.7568934,3.7568934,3.7568934,3.7568934,0.0,0.0,0.0,0.0,0.0,0.0,0.0,0.0,0.0,0.0,0.0,0.0,0.0,0.0,0,0,0,0,0,0,0,0,0,0,0,1,0,0,1,0,0
411472597,22.662256,22.557348,0.0,3.5e-44,-1.0,0.000497488,0.51576334,1.0877914,nan,6,3.759558,3.759558,3.759558,3.759558,3.759558,3.759558,0.0,0.0,0.0,0.0,0.0,0.0,0.0,0.0,0.0,0.0,0.0,0.0,0.0,0.0,0,0,0,0,0,0,0,0,0,0,0,1,0,0,1,0,0
411670552,22.45691,22.571756,0.0,3.5e-44,-1.0,0.000497488,0.51852804,1.0872464,nan,6,3.7619593,3.7619593,3.7619593,3.7619593,3.7619593,3.7619593,0.0,0.0,0.0,0.0,0.0,0.0,0.0,0.0,0.0,0.0,0.0,0.0,0.0,0.0,0,0,0,0,0,0,0,0,0,0,0,1,0,0,1,0,0
411870536,22.465122,22.5564,0.0,3.5e-44,-1.0,0.000497488,0.5152903,1.0878847,nan,6,3.7594001,3.7594001,3.7594001,3.7594001,3.7594001,3.7594001,0.0,0.0,0.0,0.0,0.0,0.0,0.0,0.0,0.0,0.0,0.0,0.0,0.0,0.0,0,0,0,0,0,0,0,0,0,0,0,1,0,0,1,0,0
412070648,22.670471,22.570787,0.0,3.5e-44,-1.0,0.000497488,0.5175505,1.0874391,nan,6,3.761798,3.761798,3.761798,3.761798,3.761798,3.761798,0.0,0.0,0.0,0.0,0.0,0.0,0.0,0.0,0.0,0.0,0.0,0.0,0.0,0.0,0,0,0,0,0,0,0,0,0,0,0,1,0,0,1,0,0
412270544,22.85939,22.605652,0.0,3.5e-44,-1.0,0.000497488,0.52158076,1.0866454,nan,6,3.7676086,3.7676086,3.7676086,3.7676086,3.7676086,3.7676086,0.0,0.0,0.0,0.0,0.0,0.0,0.0,0.0,0.0,0.0,0.0,0.0,0.0,0.0,0,0,0,0,0,0,0,0,0,0,0,1,0,0,1,0,0
412470890,22.325483,22.60076,0.0,3.5e-44,-1.0,0.000497488,0.5179916,1.087352,nan,6,3.7667933,3.7667933,3.7667933,3.7667933,3.7667933,3.7667933,0.0,0.0,0.0,0.0,0.0,0.0,0.0,0.0,0.0,0.0,0.0,0.0,0.0,0.0,0,0,0,0,0,0,0,0,0,0,0,1,0,0,1,0,0
412670725,22.571901,22.565506,0.0,3.5e-44,-1.0,0.000497488,0.51185805,1.0885621,nan,6,3.7609177,3.7609177,3.7609177,3.7609177,3.7609177,3.7609177,0.0,0.0,0.0,0.0,0.0,0.0,0.0,0.0,0.0,0.0,0.0,0.0,0.0,0.0,0,0,0,0,0,0,0,0,0,0,0,1,0,0,1,0,0
412871079,22.61297,22.574827,0.0,3.5e-44,-1.0,0.000497488,0.5138622,1.0881665,nan,6,3.7624712,3.7624712,3.7624712,3.7624712,3.7624712,3.7624712,0.0,0.0,0.0,0.0,0.0,0.0,0.0,0.0,0.0,0.0,0.0,0.0,0.0,0.0,0,0,0,0,0,0,0,0,0,0,0,1,0,0,1,0,0
413070549,22.465122,22.54579,0.0,3.5e-44,-1.0,0.000497488,0.509296,1.0890684,nan,6,3.7576315,3.7576315,3.7576315,3.7576315,3.7576315,3.7576315,0.0,0.0,0.0,0.0,0.0,0.0,0.0,0.0,0.0,0.0,0.0,0.0,0.0,0.0,0,0,0,0,0,0,0,0,0,0,0,1,0,0,1,0,0
413270573,22.75261,22.561056,0.0,3.5e-44,-1.0,0.000497488,0.5126639,1.088403,nan,6,3.760176,3.760176,3.760176,3.760176,3.760176,3.760176,0.0,0.0,0.0,0.0,0.0,0.0,0.0,0.0,0.0,0.0,0.0,0.0,0.0,0.0,0,0,0,0,0,0,0,0,0,0,0,1,0,0,1,0,0
413470603,22.54726,22.560883,0.0,3.5e-44,-1.0,0.000497488,0.51242596,1.08845,nan,6,3.760147,3.760147,3.760147,3.760147,3.760147,3.760147,0.0,0.0,0.0,0.0,0.0,0.0,0.0,0.0,0.0,0.0,0.0,0.0,0.0,0.0,0,0,0,0,0,0,0,0,0,0,0,1,0,0,1,0,0
413670782,22.604757,22.544363,0.0,3.5e-44,-1.0,0.000497488,0.50982004,1.0889647,nan,6,3.7573938,3.7573938,3.7573938,3.7573938,3.7573938,3.7573938,0.0,0.0,0.0,0.0,0.0,0.0,0.0,0.0,0.0,0.0,0.0,0.0,0.0,0.0,0,0,0,0,0,0,0,0,0,0,0,1,0,0,1,0,0
413870630,22.867605,22.586908,0.0,3.5e-44,-1.0,0.000497488,0.5161839,1.0877085,nan,6,3.7644846,3.7644846,3.7644846,3.7644846,3.7644846,3.7644846,0.0,0.0,0.0,0.0,0.0,0.0,0.0,0.0,0.0,0.0,0.0,0.0,0.0,0.0,0,0,0,0,0,0,0,0,0,0,0,1,0,0,1,0,0
414071077,22.481548,22.568653,0.0,3.5e-44,-1.0,0.000497488,0.51062447,1.0888058,nan,6,3.7614422,3.7614422,3.7614422,3.7614422,3.7614422,3.7614422,0.0,0.0,0.0,0.0,0.0,0.0,0.0,0.0,0.0,0.0,0.0,0.0,0.0,0.0,0,0,0,0,0,0,0,0,0,0,0,1,0,0,1,0,0
414270929,22.473335,22.550797,0.0,3.5e-44,-1.0,0.000497488,0.5082212,1.0892808,nan,6,3.758466,3.758466,3.758466,3.758466,3.758466,3.758466,0.0,0.0,0.0,0.0,0.0,0.0,0.0,0.0,0.0,0.0,0.0,0.0,0.0,0.0,0,0,0,0,0,0,0,0,0,0,0,1,0,0,1,0,0
414471967,22.31727,22.554438,0.0,3.5e-44,-1.0,0.000497488,0.5102287,1.088884,nan,6,3.759073,3.759073,3.759073,3.759073,3.759073,3.759073,0.0,0.0,0.0,0.0,0.0,0.0,0.0,0.0,0.0,0.0,0.0,0.0,0.0,0.0,0,0,0,0,0,0,0,0,0,0,0,1,0,0,1,0,0
414670545,22.744396,22.545856,0.0,3.5e-44,-1.0,0.000497488,0.5088387,1.0891588,nan,6,3.7576427,3.7576427,3.7576427,3.7576427,3.7576427,3.7576427,0.0,0.0,0.0,0.0,0.0,0.0,0.0,0.0,0.0,0.0,0.0,0.0,0.0,0.0,0,0,0,0,0,0,0,0,0,0,0,1,0,0,1,0,0
414872355,22.69511,22.534939,0.0,3.5e-44,-1.0,0.000497488,0.50692946,1.0895363,nan,6,3.7558231,3.7558231,3.7558231,3.7558231,3.7558231,3.7558231,0.0,0.0,0.0,0.0,0.0,0.0,0.0,0.0,0.0,0.0,0.0,0.0,0.0,0.0,0,0,0,0,0,0,0,0,0,0,0,1,0,0,1,0,0
415070590,22.39941,22.554638,0.0,3.5e-44,-1.0,0.000497488,0.5103741,1.0888553,nan,6,3.7591064,3.7591064,3.7591064,3.7591064,3.7591064,3.7591064,0.0,0.0,0.0,0.0,0.0,0.0,0.0,0.0,0.0,0.0,0.0,0.0,0.0,0.0,0,0,0,0,0,0,0,0,0,0,0,1,0,0,1,0,0
415272136,22.925102,22.570206,0.0,3.5e-44,-1.0,0.000497488,0.51315457,1.0883061,nan,6,3.7617009,3.7617009,3.7617009,3.7617009,3.7617009,3.7617009,0.0,0.0,0.0,0.0,0.0,0.0,0.0,0.0,0.0,0.0,0.0,0.0,0.0,0.0,0,0,0,0,0,0,0,0,0,0,0,1,0,0,1,0,0
415470596,22.300842,22.55099,0.0,3.5e-44,-1.0,0.000497488,0.5090137,1.0891242,nan,6,3.7584982,3.7584982,3.7584982,3.7584982,3.7584982,3.7584982,0.0,0.0,0.0,0.0,0.0,0.0,0.0,0.0,0.0,0.0,0.0,0.0,0.0,0.0,0,0,0,0,0,0,0,0,0,0,0,1,0,0,1,0,0
415672416,22.85939,22.521545,0.0,3.5e-44,-1.0,0.000497488,0.5051647,1.0898856,nan,6,3.7535908,3.7535908,3.7535908,3.7535908,3.7535908,3.7535908,0.0,0.0,0.0,0.0,0.0,0.0,0.0,0.0,0.0,0.0,0.0,0.0,0.0,0.0,0,0,0,0,0,0,0,0,0,0,0,1,0,0,1,0,0
415870677,22.604757,22.538902,0.0,3.5e-44,-1.0,0.000497488,0.50893027,1.0891407,nan,6,3.7564838,3.7564838,3.7564838,3.7564838,3.7564838,3.7564838,0.0,0.0,0.0,0.0,0.0,0.0,0.0,0.0,0.0,0.0,0.0,0.0,0.0,0.0,0,0,0,0,0,0,0,0,0,0,0,1,0,0,1,0,0
416070541,22.662256,22.56822,0.0,3.5e-44,-1.0,0.000497488,0.513506,1.0882367,nan,6,3.76137,3.76137,3.76137,3.76137,3.76137,3.76137,0.0,0.0,0.0,0.0,0.0,0.0,0.0,0.0,0.0,0.0,0.0,0.0,0.0,0.0,0,0,0,0,0,0,0,0,0,0,0,1,0,0,1,0,0
416270674,22.481548,22.560986,0.0,3.5e-44,-1.0,0.000497488,0.51080567,1.0887699,nan,6,3.7601643,3.7601643,3.7601643,3.7601643,3.7601643,3.7601643,0.0,0.0,0.0,0.0,0.0,0.0,0.0,0.0,0.0,0.0,0.0,0.0,0.0,0.0,0,0,0,0,0,0,0,0,0,0,0,1,0,0,1,0,0
416470600,22.300842,22.539383,0.0,3.5e-44,-1.0,0.000497488,0.50648314,1.0896246,nan,6,3.756564,3.756564,3.756564,3.756564,3.756564,3.756564,0.0,0.0,0.0,0.0,0.0,0.0,0.0,0.0,0.0,0.0,0.0,0.0,0.0,0.0,0,0,0,0,0,0,0,0,0,0,0,1,0,0,1,0,0
416671050,22.670471,22.532852,0.0,3.5e-44,-1.0,0.000497488,0.50661045,1.0895995,nan,6,3.7554753,3.7554753,3.7554753,3.7554753,3.7554753,3.7554753,0.0,0.0,0.0,0.0,0.0,0.0,0.0,0.0,0.0,0.0,0.0,0.0,0.0,0.0,0,0,0,0,0,0,0,0,0,0,0,1,0,0,1,0,0
416870535,22.645828,22.558235,0.0,3.5e-44,-1.0,0.000497488,0.50988203,1.0889525,nan,6,3.7597058,3.7597058,3.7597058,3.7597058,3.7597058,3.7597058,0.0,0.0,0.0,0.0,0.0,0.0,0.0,0.0,0.0,0.0,0.0,0.0,0.0,0.0,0,0,0,0,0,0,0,0,0,0,0,1,0,0,1,0,0
417070858,22.654041,22.577545,0.0,3.5e-44,-1.0,0.000497488,0.51164633,1.088604,nan,6,3.7629242,3.7629242,3.7629242,3.7629242,3.7629242,3.7629242,0.0,0.0,0.0,0.0,0.0,0.0,0.0,0.0,0.0,0.0,0.0,0.0,0.0,0.0,0,0,0,0,0,0,0,0,0,0,0,1,0,0,1,0,0
417270550,22.35834,22.536076,0.0,3.5e-44,-1.0,0.000497488,0.5036245,1.0901906,nan,6,3.7560127,3.7560127,3.7560127,3.7560127,3.7560127,3.7560127,0.0,0.0,0.0,0.0,0.0,0.0,0.0,0.0,0.0,0.0,0.0,0.0,0.0,0.0,0,0,0,0,0,0,0,0,0,0,0,1,0,0,1,0,0
417471302,22.654041,22.5172,0.0,3.5e-44,-1.0,0.000497488,0.5021892,1.090475,nan,6,3.7528667,3.7528667,3.7528667,3.7528667,3.7528667,3.7528667,0.0,0.0,0.0,0.0,0.0,0.0,0.0,0.0,0.0,0.0,0.0,0.0,0.0,0.0,0,0,0,0,0,0,0,0,0,0,0,1,0,0,1,0,0
417670691,22.497978,22.551004,0.0,3.5e-44,-1.0,0.000497488,0.50841767,1.089242,nan,6,3.7585008,3.7585008,3.7585008,3.7585008,3.7585008,3.7585008,0.0,0.0,0.0,0.0,0.0,0.0,0.0,0.0,0.0,0.0,0.0,0.0,0.0,0.0,0,0,0,0,0,0,0,0,0,0,0,1,0,0,1,0,0
417870913,22.875818,22.552214,0.0,3.5e-44,-1.0,0.000497488,0.50862795,1.0892004,nan,6,3.7587023,3.7587023,3.7587023,3.7587023,3.7587023,3.7587023,0.0,0.0,0.0,0.0,0.0,0.0,0.0,0.0,0.0,0.0,0.0,0.0,0.0,0.0,0,0,0,0,0,0,0,0,0,0,0,1,0,0,1,0,0
418070926,22.539047,22.568287,0.0,3.5e-44,-1.0,0.000497488,0.5119825,1.0885376,nan,6,3.7613811,3.7613811,3.7613811,3.7613811,3.7613811,3.7613811,0.0,0.0,0.0,0.0,0.0,0.0,0.0,0.0,0.0,0.0,0.0,0.0,0.0,0.0,0,0,0,0,0,0,0,0,0,0,0,1,0,0,1,0,0
418271501,22.284414,22.566637,0.0,3.5e-44,-1.0,0.000497488,0.5118905,1.0885557,nan,6,3.7611063,3.7611063,3.7611063,3.7611063,3.7611063,3.7611063,0.0,0.0,0.0,0.0,0.0,0.0,0.0,0.0,0.0,0.0,0.0,0.0,0.0,0.0,0,0,0,0,0,0,0,0,0,0,0,1,0,0,1,0,0
418470558,22.465122,22.575901,0.0,3.5e-44,-1.0,0.000497488,0.5139356,1.0881519,nan,6,3.7626503,3.7626503,3.7626503,3.7626503,3.7626503,3.7626503,0.0,0.0,0.0,0.0,0.0,0.0,0.0,0.0,0.0,0.0,0.0,0.0,0.0,0.0,0,0,0,0,0,0,0,0,0,0,0,1,0,0,1,0,0
418672108,22.514404,22.56898,0.0,3.5e-44,-1.0,0.000497488,0.51221615,1.0884914,nan,6,3.7614965,3.7614965,3.7614965,3.7614965,3.7614965,3.7614965,0.0,0.0,0.0,0.0,0.0,0.0,0.0,0.0,0.0,0.0,0.0,0.0,0.0,0.0,0,0,0,0,0,0,0,0,0,0,0,1,0,0,1,0,0
418870541,22.37477,22.565166,0.0,3.5e-44,-1.0,0.000497488,0.51083714,1.0887638,nan,6,3.7608612,3.7608612,3.7608612,3.7608612,3.7608612,3.7608612,0.0,0.0,0.0,0.0,0.0,0.0,0.0,0.0,0.0,0.0,0.0,0.0,0.0,0.0,0,0,0,0,0,0,0,0,0,0,0,1,0,0,1,0,0
419071629,22.727966,22.570204,0.0,3.5e-44,-1.0,0.000497488,0.5119224,1.0885494,nan,6,3.7617006,3.7617006,3.7617006,3.7617006,3.7617006,3.7617006,0.0,0.0,0.0,0.0,0.0,0.0,0.0,0.0,0.0,0.0,0.0,0.0,0.0,0.0,0,0,0,0,0,0,0,0,0,0,0,1,0,0,1,0,0
419270540,22.580118,22.56431,0.0,3.5e-44,-1.0,0.000497488,0.51058584,1.0888134,nan,6,3.7607183,3.7607183,3.7607183,3.7607183,3.7607183,3.7607183,0.0,0.0,0.0,0.0,0.0,0.0,0.0,0.0,0.0,0.0,0.0,0.0,0.0,0.0,0,0,0,0,0,0,0,0,0,0,0,1,0,0,1,0,0
419472432,23.114023,22.67203,0.0,3.5e-44,-1.0,0.000497488,0.53725964,1.0835685,nan,6,3.7786715,3.7786715,3.7786715,3.7786715,3.7786715,3.7786715,0.0,0.0,0.0,0.0,0.0,0.0,0.0,0.0,0.0,0.0,0.0,0.0,0.0,0.0,0,0,0,0,0,0,0,0,0,0,0,1,0,0,1,0,0
419670532,23.097593,22.763577,0.0,3.5e-44,-1.0,0.000497488,0.555636,1.0799843,nan,6,3.7939293,3.7939293,3.7939293,3.7939293,3.7939293,3.7939293,0.0,0.0,0.0,0.0,0.0,0.0,0.0,0.0,0.0,0.0,0.0,0.0,0.0,0.0,0,0,0,0,0,0,0,0,0,0,0,1,0,0,1,0,0
419870551,23.393295,22.83766,0.0,3.5e-44,-1.0,0.000497488,0.5711728,1.0769725,nan,6,3.8062766,3.8062766,3.8062766,3.8062766,3.8062766,3.8062766,0.0,0.0,0.0,0.0,0.0,0.0,0.0,0.0,0.0,0.0,0.0,0.0,0.0,0.0,0,0,0,0,0,0,0,0,0,0,0,1,0,0,1,0,0
420070549,23.196163,22.889812,0.0,3.5e-44,-1.0,0.000497488,0.5821429,1.074856,nan,6,3.8149688,3.8149688,3.8149688,3.8149688,3.8149688,3.8149688,0.0,0.0,0.0,0.0,0.0,0.0,0.0,0.0,0.0,0.0,0.0,0.0,0.0,0.0,0,0,0,0,0,0,0,0,0,0,0,1,0,0,1,0,0
420270548,23.023668,22.939926,0.0,3.5e-44,-1.0,0.000497488,0.59255224,1.0728554,nan,6,3.823321,3.823321,3.823321,3.823321,3.823321,3.823321,0.0,0.0,0.0,0.0,0.0,0.0,0.0,0.0,0.0,0.0,0.0,0.0,0.0,0.0,0,0,0,0,0,0,0,0,0,0,0,1,0,0,1,0,0
420470921,23.261873,22.995874,0.0,3.5e-44,-1.0,0.000497488,0.6045776,1.0705534,nan,6,3.8326457,3.8326457,3.8326457,3.8326457,3.8326457,3.8326457,0.0,0.0,0.0,0.0,0.0,0.0,0.0,0.0,0.0,0.0,0.0,0.0,0.0,0.0,0,0,0,0,0,0,0,0,0,0,0,1,0,0,1,0,0
420670541,23.196163,23.037653,0.0,3.5e-44,-1.0,0.000497488,0.61332995,1.0688843,nan,6,3.839609,3.839609,3.839609,3.839609,3.839609,3.839609,0.0,0.0,0.0,0.0,0.0,0.0,0.0,0.0,0.0,0.0,0.0,0.0,0.0,0.0,0,0,0,0,0,0,0,0,0,0,0,1,0,0,1,0,0
420871093,23.335798,23.061537,0.0,3.5e-44,-1.0,0.000497488,0.617858,1.0680227,nan,6,3.8435895,3.8435895,3.8435895,3.8435895,3.8435895,3.8435895,0.0,0.0,0.0,0.0,0.0,0.0,0.0,0.0,0.0,0.0,0.0,0.0,0.0,0.0,0,0,0,0,0,0,0,0,0,0,0,1,0,0,1,0,0
421070543,23.270086,23.087387,0.0,3.5e-44,-1.0,0.000497488,0.6228815,1.0670686,nan,6,3.8478978,3.8478978,3.8478978,3.8478978,3.8478978,3.8478978,0.0,0.0,0.0,0.0,0.0,0.0,0.0,0.0,0.0,0.0,0.0,0.0,0.0,0.0,0,0,0,0,0,0,0,0,0,0,0,1,0,0,1,0,0
421271444,23.220802,23.116573,0.0,3.5e-44,-1.0,0.000497488,0.6287218,1.0659614,nan,6,3.8527622,3.8527622,3.8527622,3.8527622,3.8527622,3.8527622,0.0,0.0,0.0,0.0,0.0,0.0,0.0,0.0,0.0,0.0,0.0,0.0,0.0,0.0,0,0,0,0,0,0,0,0,0,0,0,1,0,0,1,0,0
421470556,23.327585,23.143608,0.0,3.5e-44,-1.0,0.000497488,0.6340509,1.0649531,nan,6,3.857268,3.857268,3.857268,3.857268,3.857268,3.857268,0.0,0.0,0.0,0.0,0.0,0.0,0.0,0.0,0.0,0.0,0.0,0.0,0.0,0.0,0,0,0,0,0,0,0,0,0,0,0,1,0,0,1,0,0
421670883,23.393295,23.16415,0.0,3.5e-44,-1.0,0.000497488,0.63779694,1.0642455,nan,6,3.8606918,3.8606918,3.8606918,3.8606918,3.8606918,3.8606918,0.0,0.0,0.0,0.0,0.0,0.0,0.0,0.0,0.0,0.0,0.0,0.0,0.0,0.0,0,0,0,0,0,0,0,0,0,0,0,1,0,0,1,0,0
421870665,23.163307,23.171335,0.0,3.5e-44,-1.0,0.000497488,0.6383377,1.0641434,nan,6,3.8618891,3.8618891,3.8618891,3.8618891,3.8618891,3.8618891,0.0,0.0,0.0,0.0,0.0,0.0,0.0,0.0,0.0,0.0,0.0,0.0,0.0,0.0,0,0,0,0,0,0,0,0,0,0,0,1,0,0,1,0,0
422071495,23.072954,23.181936,0.0,3.5e-44,-1.0,0.000497488,0.6397086,1.0638847,nan,6,3.863656,3.863656,3.863656,3.863656,3.863656,3.863656,0.0,0.0,0.0,0.0,0.0,0.0,0.0,0.0,0.0,0.0,0.0,0.0,0.0,0.0,0,0,0,0,0,0,0,0,0,0,0,1,0,0,1,0,0
422270864,23.155092,23.198486,0.0,3.5e-44,-1.0,0.000497488,0.64255387,1.0633483,nan,6,3.8664143,3.8664143,3.8664143,3.8664143,3.8664143,3.8664143,0.0,0.0,0.0,0.0,0.0,0.0,0.0,0.0,0.0,0.0,0.0,0.0,0.0,0.0,0,0,0,0,0,0,0,0,0,0,0,1,0,0,1,0,0
422472109,23.327585,23.212244,0.0,3.5e-44,-1.0,0.000497488,0.6447583,1.062933,nan,6,3.8687074,3.8687074,3.8687074,3.8687074,3.8687074,3.8687074,0.0,0.0,0.0,0.0,0.0,0.0,0.0,0.0,0.0,0.0,0.0,0.0,0.0,0.0,0,0,0,0,0,0,0,0,0,0,0,1,0,0,1,0,0
422670547,23.187946,23.22797,0.0,3.5e-44,-1.0,0.000497488,0.64744097,1.0624281,nan,6,3.8713284,3.8713284,3.8713284,3.8713284,3.8713284,3.8713284,0.0,0.0,0.0,0.0,0.0,0.0,0.0,0.0,0.0,0.0,0.0,0.0,0.0,0.0,0,0,0,0,0,0,0,0,0,0,0,1,0,0,1,0,0
422871527,23.368654,23.233082,0.0,3.5e-44,-1.0,0.000497488,0.6475974,1.0623987,nan,6,3.8721802,3.8721802,3.8721802,3.8721802,3.8721802,3.8721802,0.0,0.0,0.0,0.0,0.0,0.0,0.0,0.0,0.0,0.0,0.0,0.0,0.0,0.0,0,0,0,0,0,0,0,0,0,0,0,1,0,0,1,0,0
423070588,23.25366,23.228012,0.0,3.5e-44,-1.0,0.000497488,0.64534813,1.062822,nan,6,3.8713353,3.8713353,3.8713353,3.8713353,3.8713353,3.8713353,0.0,0.0,0.0,0.0,0.0,0.0,0.0,0.0,0.0,0.0,0.0,0.0,0.0,0.0,0,0,0,0,0,0,0,0,0,0,0,1,0,0,1,0,0
423272193,23.270086,23.243923,0.0,3.5e-44,-1.0,0.000497488,0.6481419,1.0622963,nan,6,3.8739872,3.8739872,3.8739872,3.8739872,3.8739872,3.8739872,0.0,0.0,0.0,0.0,0.0,0.0,0.0,0.0,0.0,0.0,0.0,0.0,0.0,0.0,0,0,0,0,0,0,0,0,0,0,0,1,0,0,1,0,0
423470669,23.37687,23.250134,0.0,3.5e-44,-1.0,0.000497488,0.64870936,1.0621896,nan,6,3.8750222,3.8750222,3.8750222,3.8750222,3.8750222,3.8750222,0.0,0.0,0.0,0.0,0.0,0.0,0.0,0.0,0.0,0.0,0.0,0.0,0.0,0.0,0,0,0,0,0,0,0,0,0,0,0,1,0,0,1,0,0
423670541,23.524721,23.261429,0.0,3.5e-44,-1.0,0.000497488,0.6505776,1.0618383,nan,6,3.8769047,3.8769047,3.8769047,3.8769047,3.8769047,3.8769047,0.0,0.0,0.0,0.0,0.0,0.0,0.0,0.0,0.0,0.0,0.0,0.0,0.0,0.0,0,0,0,0,0,0,0,0,0,0,0,1,0,0,1,0,0
423870550,23.409725,23.266706,0.0,3.5e-44,-1.0,0.000497488,0.6511002,1.0617402,nan,6,3.8777845,3.8777845,3.8777845,3.8777845,3.8777845,3.8777845,0.0,0.0,0.0,0.0,0.0,0.0,0.0,0.0,0.0,0.0,0.0,0.0,0.0,0.0,0,0,0,0,0,0,0,0,0,0,0,1,0,0,1,0,0
424070541,23.056524,23.26724,0.0,3.5e-44,-1.0,0.000497488,0.6505752,1.0618387,nan,6,3.8778734,3.8778734,3.8778734,3.8778734,3.8778734,3.8778734,0.0,0.0,0.0,0.0,0.0,0.0,0.0,0.0,0.0,0.0,0.0,0.0,0.0,0.0,0,0,0,0,0,0,0,0,0,0,0,1,0,0,1,0,0
424270887,23.122236,23.27116,0.0,3.5e-44,-1.0,0.000497488,0.6509157,1.0617748,nan,6,3.8785267,3.8785267,3.8785267,3.8785267,3.8785267,3.8785267,0.0,0.0,0.0,0.0,0.0,0.0,0.0,0.0,0.0,0.0,0.0,0.0,0.0,0.0,0,0,0,0,0,0,0,0,0,0,0,1,0,0,1,0,0
424470607,23.459007,23.275784,0.0,3.5e-44,-1.0,0.000497488,0.6339751,1.0649674,nan,6,3.8792973,3.8792973,3.8792973,3.8792973,3.8792973,3.8792973,0.0,0.0,0.0,0.0,0.0,0.0,0.0,0.0,0.0,0.0,0.0,0.0,0.0,0.0,0,0,0,0,0,0,0,0,0,0,0,1,0,0,1,0,0
424670917,23.409725,23.278975,0.0,3.5e-44,-1.0,0.000497488,0.61818844,1.0679599,nan,6,3.8798292,3.8798292,3.8798292,3.8798292,3.8798292,3.8798292,0.0,0.0,0.0,0.0,0.0,0.0,0.0,0.0,0.0,0.0,0.0,0.0,0.0,0.0,0,0,0,0,0,0,0,0,0,0,0,1,0,0,1,0,0
424870608,23.286516,23.286255,0.0,3.5e-44,-1.0,0.000497488,0.606361,1.070213,nan,6,3.8810425,3.8810425,3.8810425,3.8810425,3.8810425,3.8810425,0.0,0.0,0.0,0.0,0.0,0.0,0.0,0.0,0.0,0.0,0.0,0.0,0.0,0.0,0,0,0,0,0,0,0,0,0,0,0,1,0,0,1,0,0
425071829,23.327585,23.281734,0.0,3.5e-44,-1.0,0.000497488,0.5941711,1.0725449,nan,6,3.880289,3.880289,3.880289,3.880289,3.880289,3.880289,0.0,0.0,0.0,0.0,0.0,0.0,0.0,0.0,0.0,0.0,0.0,0.0,0.0,0.0,0,0,0,0,0,0,0,0,0,0,0,1,0,0,1,0,0
425270559,23.37687,23.294956,0.0,3.5e-44,-1.0,0.000497488,0.5882116,1.0736887,nan,6,3.8824928,3.8824928,3.8824928,3.8824928,3.8824928,3.8824928,0.0,0.0,0.0,0.0,0.0,0.0,0.0,0.0,0.0,0.0,0.0,0.0,0.0,0.0,0,0,0,0,0,0,0,0,0,0,0,1,0,0,1,0,0
